x,y,label,filename
9.039127,9.729254,healthy,20221116T155500_4407951432584596_2.0_clip_010.wav
14.900428,8.986698,healthy,20221117T065500_4407951432584596_2.0_clip_009.wav
14.093051,5.895941,healthy,20221116T223500_4407951432584596_2.0_clip_011.wav
14.383913,5.617278,healthy,20221116T233500_4407951432584596_2.0_clip_007.wav
13.544003,8.393684,healthy,20221117T095500_4407951432584596_2.0_clip_002.wav
14.831707,6.3342133,healthy,20221117T033500_4407951432584596_2.0_clip_008.wav
15.390521,6.064332,healthy,20221116T215500_4407951432584596_2.0_clip_012.wav
15.044125,8.450496,healthy,20221117T081500_4407951432584596_2.0_clip_002.wav
16.127085,7.6478257,healthy,20221117T022500_4407951432584596_2.0_clip_006.wav
9.14976,10.021808,healthy,20221116T132500_4407951432584596_2.0_clip_011.wav
14.319318,7.823891,healthy,20221116T213500_4407951432584596_2.0_clip_007.wav
15.153916,5.495362,healthy,20221117T045500_4407951432584596_2.0_clip_009.wav
16.327475,7.818052,healthy,20221117T033500_4407951432584596_2.0_clip_006.wav
15.570425,5.652908,healthy,20221117T003500_4407951432584596_2.0_clip_002.wav
16.491005,7.8230906,healthy,20221117T052500_4407951432584596_2.0_clip_006.wav
15.351743,7.2280564,healthy,20221117T035500_4407951432584596_2.0_clip_003.wav
15.332076,8.123251,healthy,20221117T024500_4407951432584596_2.0_clip_010.wav
15.578056,6.536499,healthy,20221117T025500_4407951432584596_2.0_clip_008.wav
14.925078,5.74754,healthy,20221117T013500_4407951432584596_2.0_clip_005.wav
16.544424,6.4492984,healthy,20221117T013500_4407951432584596_2.0_clip_002.wav
8.900388,8.527615,healthy,20221117T111500_4407951432584596_2.0_clip_012.wav
14.66866,5.6547613,healthy,20221116T231500_4407951432584596_2.0_clip_004.wav
14.615037,7.616449,healthy,20221116T195500_4407951432584596_2.0_clip_007.wav
9.398015,9.290046,healthy,20221116T120500_4407951432584596_2.0_clip_005.wav
16.290127,7.519895,healthy,20221116T231500_4407951432584596_2.0_clip_006.wav
13.339993,7.3983574,healthy,20221116T214500_4407951432584596_2.0_clip_007.wav
8.9865885,9.938061,healthy,20221116T122500_4407951432584596_2.0_clip_012.wav
13.253211,7.2291927,healthy,20221117T111500_4407951432584596_2.0_clip_008.wav
16.502188,7.779982,healthy,20221116T235500_4407951432584596_2.0_clip_005.wav
14.045208,9.034425,healthy,20221117T095500_4407951432584596_2.0_clip_012.wav
15.819967,5.4396577,healthy,20221117T095500_4407951432584596_2.0_clip_009.wav
9.148523,7.593876,healthy,20221116T131500_4407951432584596_2.0_clip_008.wav
9.58182,7.9199395,healthy,20221116T121500_4407951432584596_2.0_clip_012.wav
11.113343,9.295954,healthy,20221116T174500_4407951432584596_2.0_clip_009.wav
9.096029,10.378739,healthy,20221116T120500_4407951432584596_2.0_clip_003.wav
15.101628,7.8422565,healthy,20221116T224500_4407951432584596_2.0_clip_001.wav
10.12573,8.759013,healthy,20221117T104500_4407951432584596_2.0_clip_010.wav
8.544453,9.691023,healthy,20221116T162500_4407951432584596_2.0_clip_011.wav
13.588409,9.1981945,healthy,20221117T093500_4407951432584596_2.0_clip_008.wav
9.143149,8.999992,healthy,20221116T123500_4407951432584596_2.0_clip_004.wav
13.604025,6.9682007,healthy,20221116T211500_4407951432584596_2.0_clip_001.wav
12.579586,8.011347,healthy,20221116T183500_4407951432584596_2.0_clip_002.wav
15.803982,6.239124,healthy,20221116T234500_4407951432584596_2.0_clip_001.wav
11.380098,9.027235,healthy,20221116T182500_4407951432584596_2.0_clip_011.wav
16.10146,7.6889534,healthy,20221117T061500_4407951432584596_2.0_clip_008.wav
13.715701,5.428819,healthy,20221116T194500_4407951432584596_2.0_clip_010.wav
9.734096,7.7578783,healthy,20221116T170500_4407951432584596_2.0_clip_007.wav
10.836977,9.278671,healthy,20221116T175500_4407951432584596_2.0_clip_003.wav
14.062106,7.9768724,healthy,20221116T203500_4407951432584596_2.0_clip_005.wav
9.22652,10.069583,healthy,20221116T152500_4407951432584596_2.0_clip_012.wav
13.766865,8.155897,healthy,20221116T212500_4407951432584596_2.0_clip_012.wav
9.545217,8.772966,healthy,20221116T150500_4407951432584596_2.0_clip_001.wav
15.165889,8.728694,healthy,20221117T080500_4407951432584596_2.0_clip_004.wav
13.63786,7.9089603,healthy,20221117T083500_4407951432584596_2.0_clip_002.wav
13.767176,6.8890214,healthy,20221117T085500_4407951432584596_2.0_clip_001.wav
14.798721,7.232642,healthy,20221117T044500_4407951432584596_2.0_clip_010.wav
10.290867,9.810079,healthy,20221117T095500_4407951432584596_2.0_clip_006.wav
10.891093,7.87237,healthy,20221116T192500_4407951432584596_2.0_clip_009.wav
10.843103,9.207829,healthy,20221116T174500_4407951432584596_2.0_clip_005.wav
13.424695,9.158959,healthy,20221117T094500_4407951432584596_2.0_clip_002.wav
14.950389,8.98863,healthy,20221117T083500_4407951432584596_2.0_clip_011.wav
13.529962,6.3992076,healthy,20221116T200500_4407951432584596_2.0_clip_011.wav
14.943229,6.305778,healthy,20221117T001500_4407951432584596_2.0_clip_009.wav
12.56179,6.770229,healthy,20221116T175500_4407951432584596_2.0_clip_004.wav
11.006387,9.304729,healthy,20221116T175500_4407951432584596_2.0_clip_008.wav
14.80293,6.9561114,healthy,20221116T225500_4407951432584596_2.0_clip_006.wav
13.842044,7.3466635,healthy,20221117T051500_4407951432584596_2.0_clip_005.wav
12.169802,7.093949,healthy,20221117T094500_4407951432584596_2.0_clip_003.wav
8.763513,9.531808,healthy,20221116T164500_4407951432584596_2.0_clip_001.wav
14.305376,8.006791,healthy,20221116T204500_4407951432584596_2.0_clip_006.wav
15.421503,5.589832,healthy,20221117T042500_4407951432584596_2.0_clip_011.wav
13.735622,7.6727347,healthy,20221117T093500_4407951432584596_2.0_clip_010.wav
10.1977625,9.4711485,healthy,20221116T170500_4407951432584596_2.0_clip_008.wav
14.0034485,6.698665,healthy,20221116T190500_4407951432584596_2.0_clip_008.wav
15.853532,5.304296,healthy,20221117T052500_4407951432584596_2.0_clip_004.wav
15.253454,9.094163,healthy,20221117T055500_4407951432584596_2.0_clip_010.wav
12.867749,7.974035,healthy,20221116T194500_4407951432584596_2.0_clip_006.wav
13.159295,7.5532856,healthy,20221116T194500_4407951432584596_2.0_clip_012.wav
15.684268,5.333334,healthy,20221117T020500_4407951432584596_2.0_clip_008.wav
15.752879,6.7171583,healthy,20221117T033500_4407951432584596_2.0_clip_005.wav
15.711439,7.937485,healthy,20221117T043500_4407951432584596_2.0_clip_010.wav
13.780717,8.5020895,healthy,20221117T091500_4407951432584596_2.0_clip_010.wav
10.399331,8.141385,healthy,20221116T122500_4407951432584596_2.0_clip_006.wav
11.228772,8.460683,healthy,20221116T183500_4407951432584596_2.0_clip_012.wav
14.843719,8.400798,healthy,20221117T062500_4407951432584596_2.0_clip_008.wav
14.528933,5.4369144,healthy,20221116T220500_4407951432584596_2.0_clip_011.wav
11.08264,9.266577,healthy,20221116T180500_4407951432584596_2.0_clip_011.wav
14.362774,5.7244887,healthy,20221116T233500_4407951432584596_2.0_clip_004.wav
8.491933,9.651499,healthy,20221116T161500_4407951432584596_2.0_clip_004.wav
15.721032,6.2583957,healthy,20221117T074500_4407951432584596_2.0_clip_006.wav
13.591592,6.0970907,healthy,20221116T200500_4407951432584596_2.0_clip_012.wav
10.294605,9.398405,healthy,20221117T101500_4407951432584596_2.0_clip_002.wav
14.249315,5.9457374,healthy,20221117T004500_4407951432584596_2.0_clip_007.wav
14.124703,7.448889,healthy,20221117T080500_4407951432584596_2.0_clip_006.wav
13.734681,9.347043,healthy,20221117T100500_4407951432584596_2.0_clip_012.wav
14.744788,8.299549,healthy,20221116T212500_4407951432584596_2.0_clip_008.wav
13.516001,5.603764,healthy,20221117T103500_4407951432584596_2.0_clip_008.wav
9.366231,9.539268,healthy,20221116T143500_4407951432584596_2.0_clip_005.wav
14.911896,7.2504764,healthy,20221117T002500_4407951432584596_2.0_clip_011.wav
8.957197,8.226949,healthy,20221116T151500_4407951432584596_2.0_clip_005.wav
15.328875,6.375277,healthy,20221116T233500_4407951432584596_2.0_clip_002.wav
15.855476,6.271355,healthy,20221117T014500_4407951432584596_2.0_clip_011.wav
14.86156,7.1425757,healthy,20221117T050500_4407951432584596_2.0_clip_001.wav
15.734822,7.376534,healthy,20221117T033500_4407951432584596_2.0_clip_007.wav
16.381807,7.682734,healthy,20221117T035500_4407951432584596_2.0_clip_004.wav
14.586154,8.125743,healthy,20221117T010500_4407951432584596_2.0_clip_010.wav
14.612181,7.10526,healthy,20221116T231500_4407951432584596_2.0_clip_012.wav
9.986038,7.923595,healthy,20221116T145500_4407951432584596_2.0_clip_008.wav
13.696063,6.6819687,healthy,20221116T230500_4407951432584596_2.0_clip_001.wav
14.7051,5.5877204,healthy,20221116T211500_4407951432584596_2.0_clip_011.wav
8.764825,9.958778,healthy,20221116T125500_4407951432584596_2.0_clip_011.wav
9.28847,8.089472,healthy,20221116T134500_4407951432584596_2.0_clip_003.wav
15.777276,7.960831,healthy,20221116T233500_4407951432584596_2.0_clip_009.wav
15.280744,6.5851173,healthy,20221117T011500_4407951432584596_2.0_clip_004.wav
8.917596,10.218185,healthy,20221116T125500_4407951432584596_2.0_clip_001.wav
15.275101,5.347327,healthy,20221117T024500_4407951432584596_2.0_clip_011.wav
8.937567,7.762357,healthy,20221116T130500_4407951432584596_2.0_clip_008.wav
12.183949,7.669567,healthy,20221116T182500_4407951432584596_2.0_clip_002.wav
8.796011,10.143394,healthy,20221116T125500_4407951432584596_2.0_clip_005.wav
16.174911,7.486646,healthy,20221117T011500_4407951432584596_2.0_clip_009.wav
10.591199,8.951102,healthy,20221116T175500_4407951432584596_2.0_clip_011.wav
9.812015,8.267605,healthy,20221116T145500_4407951432584596_2.0_clip_004.wav
14.942639,9.112537,healthy,20221117T063500_4407951432584596_2.0_clip_010.wav
14.038216,7.010036,healthy,20221117T020500_4407951432584596_2.0_clip_011.wav
15.1934805,6.1930833,healthy,20221117T054500_4407951432584596_2.0_clip_011.wav
10.687321,9.555541,healthy,20221117T111500_4407951432584596_2.0_clip_006.wav
16.382889,7.3122163,healthy,20221117T014500_4407951432584596_2.0_clip_005.wav
10.50509,9.300378,healthy,20221117T100500_4407951432584596_2.0_clip_007.wav
15.36924,5.871786,healthy,20221117T013500_4407951432584596_2.0_clip_004.wav
9.144997,8.754088,healthy,20221116T135500_4407951432584596_2.0_clip_004.wav
13.031784,9.19438,healthy,20221117T102500_4407951432584596_2.0_clip_006.wav
15.540121,7.5101085,healthy,20221117T014500_4407951432584596_2.0_clip_008.wav
10.050656,8.000854,healthy,20221116T141500_4407951432584596_2.0_clip_003.wav
14.780686,7.91166,healthy,20221116T211500_4407951432584596_2.0_clip_006.wav
15.24717,9.230454,healthy,20221117T084500_4407951432584596_2.0_clip_007.wav
13.493706,7.708353,healthy,20221116T202500_4407951432584596_2.0_clip_012.wav
15.904276,6.8017054,healthy,20221116T205500_4407951432584596_2.0_clip_008.wav
8.517475,9.424013,healthy,20221116T131500_4407951432584596_2.0_clip_010.wav
9.46023,9.670417,healthy,20221116T155500_4407951432584596_2.0_clip_005.wav
15.336621,8.231766,healthy,20221117T015500_4407951432584596_2.0_clip_007.wav
9.262155,7.778717,healthy,20221116T165500_4407951432584596_2.0_clip_010.wav
10.170933,8.792442,healthy,20221116T171500_4407951432584596_2.0_clip_009.wav
10.241817,8.843694,healthy,20221116T121500_4407951432584596_2.0_clip_005.wav
15.970459,6.023939,healthy,20221117T021500_4407951432584596_2.0_clip_008.wav
10.242549,8.204123,healthy,20221116T133500_4407951432584596_2.0_clip_002.wav
8.468924,9.99954,healthy,20221116T165500_4407951432584596_2.0_clip_011.wav
12.966023,7.935602,healthy,20221116T195500_4407951432584596_2.0_clip_012.wav
14.960329,7.7894735,healthy,20221117T002500_4407951432584596_2.0_clip_002.wav
9.337778,9.793369,healthy,20221116T152500_4407951432584596_2.0_clip_004.wav
8.621941,9.268734,healthy,20221117T105500_4407951432584596_2.0_clip_008.wav
16.846262,8.341271,healthy,20221117T022500_4407951432584596_2.0_clip_012.wav
14.62585,7.2248325,healthy,20221117T001500_4407951432584596_2.0_clip_011.wav
16.150665,7.9850626,healthy,20221117T021500_4407951432584596_2.0_clip_012.wav
9.600426,8.866267,healthy,20221116T163500_4407951432584596_2.0_clip_007.wav
15.65236,6.5103035,healthy,20221117T004500_4407951432584596_2.0_clip_012.wav
14.455807,6.433216,healthy,20221116T234500_4407951432584596_2.0_clip_010.wav
15.08868,7.868494,healthy,20221117T002500_4407951432584596_2.0_clip_006.wav
13.216858,8.684683,healthy,20221116T193500_4407951432584596_2.0_clip_006.wav
10.703639,7.9472303,healthy,20221117T110500_4407951432584596_2.0_clip_009.wav
15.959742,7.298518,healthy,20221117T041500_4407951432584596_2.0_clip_006.wav
10.279343,9.023609,healthy,20221116T172500_4407951432584596_2.0_clip_002.wav
10.302923,9.421149,healthy,20221117T100500_4407951432584596_2.0_clip_001.wav
9.933175,8.425716,healthy,20221116T122500_4407951432584596_2.0_clip_011.wav
14.983306,7.006318,healthy,20221117T035500_4407951432584596_2.0_clip_006.wav
10.095471,9.41071,healthy,20221117T100500_4407951432584596_2.0_clip_011.wav
13.870383,7.8440843,healthy,20221116T184500_4407951432584596_2.0_clip_001.wav
13.708735,6.79634,healthy,20221116T212500_4407951432584596_2.0_clip_003.wav
11.1061535,9.174988,healthy,20221116T182500_4407951432584596_2.0_clip_009.wav
14.818491,5.890271,healthy,20221117T044500_4407951432584596_2.0_clip_007.wav
13.946299,7.882377,healthy,20221116T203500_4407951432584596_2.0_clip_006.wav
12.472904,8.108304,healthy,20221116T185500_4407951432584596_2.0_clip_004.wav
16.571247,8.268991,healthy,20221117T044500_4407951432584596_2.0_clip_002.wav
15.170043,8.879885,healthy,20221117T074500_4407951432584596_2.0_clip_002.wav
9.846245,8.80633,healthy,20221116T121500_4407951432584596_2.0_clip_011.wav
9.519054,8.043695,healthy,20221116T161500_4407951432584596_2.0_clip_012.wav
14.801336,6.781188,healthy,20221117T043500_4407951432584596_2.0_clip_008.wav
10.173894,10.104197,healthy,20221117T110500_4407951432584596_2.0_clip_006.wav
15.786246,7.7296185,healthy,20221117T025500_4407951432584596_2.0_clip_010.wav
14.127902,5.585396,healthy,20221117T073500_4407951432584596_2.0_clip_012.wav
8.383818,9.785603,healthy,20221116T143500_4407951432584596_2.0_clip_006.wav
9.239291,9.218803,healthy,20221117T111500_4407951432584596_2.0_clip_002.wav
13.132321,6.623074,healthy,20221116T183500_4407951432584596_2.0_clip_010.wav
15.516568,5.8543253,healthy,20221116T210500_4407951432584596_2.0_clip_002.wav
14.324666,8.428467,healthy,20221117T082500_4407951432584596_2.0_clip_005.wav
12.75358,7.926842,healthy,20221116T185500_4407951432584596_2.0_clip_001.wav
16.01431,6.998031,healthy,20221117T040500_4407951432584596_2.0_clip_002.wav
9.324254,8.385299,healthy,20221116T120500_4407951432584596_2.0_clip_002.wav
14.556756,8.128379,healthy,20221117T020500_4407951432584596_2.0_clip_006.wav
16.349665,7.1700654,healthy,20221116T223500_4407951432584596_2.0_clip_004.wav
9.264262,8.658892,healthy,20221117T100500_4407951432584596_2.0_clip_005.wav
8.569966,9.202848,healthy,20221116T151500_4407951432584596_2.0_clip_006.wav
16.099213,5.614405,healthy,20221117T003500_4407951432584596_2.0_clip_007.wav
15.677106,5.216544,healthy,20221117T061500_4407951432584596_2.0_clip_001.wav
15.902767,5.349695,healthy,20221117T064500_4407951432584596_2.0_clip_002.wav
8.90445,9.513753,healthy,20221116T153500_4407951432584596_2.0_clip_009.wav
15.018106,6.300854,healthy,20221117T015500_4407951432584596_2.0_clip_002.wav
13.871159,9.184088,healthy,20221117T092500_4407951432584596_2.0_clip_003.wav
15.760751,5.693101,healthy,20221117T010500_4407951432584596_2.0_clip_008.wav
14.653133,9.233701,healthy,20221117T072500_4407951432584596_2.0_clip_004.wav
14.199039,9.315389,healthy,20221117T094500_4407951432584596_2.0_clip_001.wav
13.520375,6.841319,healthy,20221116T202500_4407951432584596_2.0_clip_003.wav
9.310196,8.197463,healthy,20221117T112500_4407951432584596_2.0_clip_002.wav
9.285103,10.315539,healthy,20221116T152500_4407951432584596_2.0_clip_007.wav
15.926611,6.4297013,healthy,20221117T030500_4407951432584596_2.0_clip_007.wav
9.775771,8.401929,healthy,20221117T113500_4407951432584596_2.0_clip_010.wav
15.15291,7.235735,healthy,20221117T053500_4407951432584596_2.0_clip_001.wav
15.551425,5.335153,healthy,20221117T005500_4407951432584596_2.0_clip_007.wav
14.519473,5.511624,healthy,20221116T214500_4407951432584596_2.0_clip_008.wav
10.981691,7.8047915,healthy,20221117T101500_4407951432584596_2.0_clip_001.wav
15.671258,7.4364643,healthy,20221117T012500_4407951432584596_2.0_clip_011.wav
15.349014,7.4265757,healthy,20221117T051500_4407951432584596_2.0_clip_009.wav
14.378742,8.383763,healthy,20221117T074500_4407951432584596_2.0_clip_012.wav
9.439591,10.021975,healthy,20221116T154500_4407951432584596_2.0_clip_005.wav
11.035386,8.184254,healthy,20221116T173500_4407951432584596_2.0_clip_010.wav
10.928166,9.460512,healthy,20221116T173500_4407951432584596_2.0_clip_002.wav
15.88438,6.8684115,healthy,20221117T013500_4407951432584596_2.0_clip_010.wav
9.291997,9.233417,healthy,20221116T142500_4407951432584596_2.0_clip_011.wav
16.034021,6.915274,healthy,20221117T050500_4407951432584596_2.0_clip_005.wav
8.766964,9.986528,healthy,20221116T164500_4407951432584596_2.0_clip_008.wav
13.686392,9.278795,healthy,20221117T090500_4407951432584596_2.0_clip_004.wav
10.515665,8.219257,healthy,20221116T175500_4407951432584596_2.0_clip_005.wav
14.396155,9.077996,healthy,20221117T092500_4407951432584596_2.0_clip_010.wav
9.071095,7.7699018,healthy,20221117T114500_4407951432584596_2.0_clip_004.wav
9.527114,9.991767,healthy,20221116T152500_4407951432584596_2.0_clip_002.wav
8.413167,9.331899,healthy,20221116T123500_4407951432584596_2.0_clip_009.wav
8.725388,10.051112,healthy,20221116T145500_4407951432584596_2.0_clip_006.wav
13.344337,6.6742873,healthy,20221116T200500_4407951432584596_2.0_clip_002.wav
15.976038,6.3893614,healthy,20221117T013500_4407951432584596_2.0_clip_007.wav
14.127599,8.416334,healthy,20221117T075500_4407951432584596_2.0_clip_012.wav
14.629464,5.660656,healthy,20221117T032500_4407951432584596_2.0_clip_009.wav
14.918302,5.867103,healthy,20221116T223500_4407951432584596_2.0_clip_003.wav
15.1202135,9.162982,healthy,20221117T075500_4407951432584596_2.0_clip_001.wav
15.063434,7.813072,healthy,20221116T235500_4407951432584596_2.0_clip_003.wav
15.6939335,6.7004914,healthy,20221117T025500_4407951432584596_2.0_clip_003.wav
12.669307,9.096165,healthy,20221117T090500_4407951432584596_2.0_clip_008.wav
8.735424,9.416167,healthy,20221116T151500_4407951432584596_2.0_clip_002.wav
15.473024,6.729672,healthy,20221117T000500_4407951432584596_2.0_clip_005.wav
14.598563,9.147048,healthy,20221117T073500_4407951432584596_2.0_clip_004.wav
14.657144,8.480056,healthy,20221117T063500_4407951432584596_2.0_clip_006.wav
16.584679,7.6450143,healthy,20221117T021500_4407951432584596_2.0_clip_002.wav
15.032497,7.765858,healthy,20221117T011500_4407951432584596_2.0_clip_001.wav
9.755961,10.073315,healthy,20221116T124500_4407951432584596_2.0_clip_010.wav
9.098772,7.862471,healthy,20221116T131500_4407951432584596_2.0_clip_009.wav
13.484101,9.026211,healthy,20221117T091500_4407951432584596_2.0_clip_006.wav
15.823565,6.5209756,healthy,20221117T035500_4407951432584596_2.0_clip_007.wav
10.966229,8.814026,healthy,20221116T181500_4407951432584596_2.0_clip_002.wav
8.700764,8.842309,healthy,20221117T104500_4407951432584596_2.0_clip_006.wav
15.516002,9.067669,healthy,20221117T062500_4407951432584596_2.0_clip_010.wav
9.118677,7.5936446,healthy,20221116T130500_4407951432584596_2.0_clip_004.wav
15.7414055,6.876772,healthy,20221117T030500_4407951432584596_2.0_clip_005.wav
16.629246,6.982425,healthy,20221117T043500_4407951432584596_2.0_clip_007.wav
16.148241,7.095351,healthy,20221116T220500_4407951432584596_2.0_clip_007.wav
13.852432,9.049559,healthy,20221117T075500_4407951432584596_2.0_clip_002.wav
13.654695,6.8270445,healthy,20221116T202500_4407951432584596_2.0_clip_004.wav
9.47325,8.433228,healthy,20221116T143500_4407951432584596_2.0_clip_009.wav
13.927283,6.9407253,healthy,20221116T204500_4407951432584596_2.0_clip_004.wav
8.68697,9.562822,healthy,20221116T142500_4407951432584596_2.0_clip_009.wav
14.721406,8.180183,healthy,20221117T080500_4407951432584596_2.0_clip_005.wav
8.940817,8.166148,healthy,20221117T111500_4407951432584596_2.0_clip_011.wav
9.939733,7.847145,healthy,20221116T125500_4407951432584596_2.0_clip_007.wav
14.532301,5.7557216,healthy,20221117T082500_4407951432584596_2.0_clip_006.wav
16.791176,8.303569,healthy,20221117T022500_4407951432584596_2.0_clip_008.wav
9.542272,9.296886,healthy,20221117T114500_4407951432584596_2.0_clip_011.wav
15.8834305,5.3601174,healthy,20221117T005500_4407951432584596_2.0_clip_011.wav
8.747149,9.322672,healthy,20221117T120500_4407951432584596_2.0_clip_005.wav
14.63778,6.421398,healthy,20221117T013500_4407951432584596_2.0_clip_011.wav
15.259014,5.4200106,healthy,20221117T035500_4407951432584596_2.0_clip_002.wav
14.360943,9.204351,healthy,20221117T075500_4407951432584596_2.0_clip_004.wav
16.194883,7.439325,healthy,20221117T020500_4407951432584596_2.0_clip_004.wav
13.807147,8.599984,healthy,20221117T083500_4407951432584596_2.0_clip_006.wav
9.313968,8.486501,healthy,20221116T124500_4407951432584596_2.0_clip_003.wav
14.264076,7.422459,healthy,20221117T085500_4407951432584596_2.0_clip_003.wav
14.368254,7.5159225,healthy,20221116T192500_4407951432584596_2.0_clip_007.wav
16.509302,7.9140315,healthy,20221117T031500_4407951432584596_2.0_clip_012.wav
16.472939,8.297619,healthy,20221117T053500_4407951432584596_2.0_clip_012.wav
14.524875,5.6675854,healthy,20221116T203500_4407951432584596_2.0_clip_012.wav
15.054436,6.9369545,healthy,20221117T090500_4407951432584596_2.0_clip_006.wav
9.334946,7.7797217,healthy,20221116T155500_4407951432584596_2.0_clip_007.wav
13.719416,7.1999273,healthy,20221116T195500_4407951432584596_2.0_clip_003.wav
14.038978,6.7405405,healthy,20221117T080500_4407951432584596_2.0_clip_008.wav
12.340545,9.037907,healthy,20221117T091500_4407951432584596_2.0_clip_004.wav
12.847107,8.488884,healthy,20221117T100500_4407951432584596_2.0_clip_008.wav
8.547522,9.899045,healthy,20221116T160500_4407951432584596_2.0_clip_008.wav
13.739743,6.316871,healthy,20221116T221500_4407951432584596_2.0_clip_005.wav
16.061298,7.97019,healthy,20221117T042500_4407951432584596_2.0_clip_002.wav
13.761657,9.010324,healthy,20221117T091500_4407951432584596_2.0_clip_012.wav
14.851608,6.204798,healthy,20221116T221500_4407951432584596_2.0_clip_003.wav
15.986021,7.818883,healthy,20221117T050500_4407951432584596_2.0_clip_010.wav
13.689807,7.959013,healthy,20221116T212500_4407951432584596_2.0_clip_010.wav
8.724862,9.129689,healthy,20221116T123500_4407951432584596_2.0_clip_010.wav
12.731382,7.8590775,healthy,20221116T183500_4407951432584596_2.0_clip_007.wav
9.948211,8.665193,healthy,20221117T114500_4407951432584596_2.0_clip_008.wav
10.132573,9.422228,healthy,20221117T100500_4407951432584596_2.0_clip_010.wav
9.736911,10.106112,healthy,20221116T125500_4407951432584596_2.0_clip_006.wav
11.033844,9.402341,healthy,20221116T180500_4407951432584596_2.0_clip_001.wav
9.383864,9.176444,healthy,20221116T141500_4407951432584596_2.0_clip_005.wav
13.991501,6.5785103,healthy,20221116T213500_4407951432584596_2.0_clip_005.wav
9.866749,9.529145,healthy,20221117T102500_4407951432584596_2.0_clip_002.wav
11.174101,8.958045,healthy,20221116T173500_4407951432584596_2.0_clip_004.wav
8.99271,9.502497,healthy,20221116T154500_4407951432584596_2.0_clip_012.wav
8.713806,9.964658,healthy,20221116T151500_4407951432584596_2.0_clip_004.wav
15.832342,5.2381506,healthy,20221117T040500_4407951432584596_2.0_clip_005.wav
10.918072,9.369125,healthy,20221116T175500_4407951432584596_2.0_clip_010.wav
9.195096,10.072117,healthy,20221116T160500_4407951432584596_2.0_clip_007.wav
10.724976,9.584251,healthy,20221116T180500_4407951432584596_2.0_clip_002.wav
14.399749,6.530861,healthy,20221116T224500_4407951432584596_2.0_clip_006.wav
16.175816,6.8973784,healthy,20221117T034500_4407951432584596_2.0_clip_010.wav
14.907004,5.039602,healthy,20221116T194500_4407951432584596_2.0_clip_009.wav
14.602294,8.3794775,healthy,20221117T054500_4407951432584596_2.0_clip_006.wav
8.675467,9.40593,healthy,20221116T124500_4407951432584596_2.0_clip_004.wav
13.873158,5.983737,healthy,20221116T192500_4407951432584596_2.0_clip_012.wav
10.021049,7.7645655,healthy,20221116T122500_4407951432584596_2.0_clip_007.wav
14.848782,5.156443,healthy,20221117T024500_4407951432584596_2.0_clip_002.wav
13.215423,7.1779313,healthy,20221116T200500_4407951432584596_2.0_clip_004.wav
14.486634,6.2483997,healthy,20221116T205500_4407951432584596_2.0_clip_007.wav
15.1580105,8.783738,healthy,20221117T080500_4407951432584596_2.0_clip_001.wav
16.577385,7.6077557,healthy,20221117T044500_4407951432584596_2.0_clip_009.wav
15.607277,6.459279,healthy,20221117T030500_4407951432584596_2.0_clip_006.wav
10.148151,8.3891,healthy,20221117T114500_4407951432584596_2.0_clip_003.wav
15.650758,7.7695584,healthy,20221116T210500_4407951432584596_2.0_clip_009.wav
16.155,8.221178,healthy,20221117T051500_4407951432584596_2.0_clip_011.wav
9.052823,10.275629,healthy,20221116T150500_4407951432584596_2.0_clip_008.wav
16.066465,5.8111644,healthy,20221117T052500_4407951432584596_2.0_clip_003.wav
9.829885,8.867651,healthy,20221116T165500_4407951432584596_2.0_clip_004.wav
16.366863,7.160411,healthy,20221117T025500_4407951432584596_2.0_clip_009.wav
9.418658,8.581262,healthy,20221117T091500_4407951432584596_2.0_clip_003.wav
16.83258,8.36117,healthy,20221117T000500_4407951432584596_2.0_clip_009.wav
11.194255,8.441485,healthy,20221116T172500_4407951432584596_2.0_clip_010.wav
13.807864,9.144442,healthy,20221117T090500_4407951432584596_2.0_clip_005.wav
8.992954,9.625827,healthy,20221116T123500_4407951432584596_2.0_clip_011.wav
9.259515,8.309542,healthy,20221117T112500_4407951432584596_2.0_clip_007.wav
13.516684,8.721732,healthy,20221117T084500_4407951432584596_2.0_clip_012.wav
8.631303,9.987896,healthy,20221116T160500_4407951432584596_2.0_clip_002.wav
9.121779,9.892575,healthy,20221116T171500_4407951432584596_2.0_clip_005.wav
15.504075,8.884331,healthy,20221117T053500_4407951432584596_2.0_clip_007.wav
10.092968,8.082778,healthy,20221116T141500_4407951432584596_2.0_clip_008.wav
8.839518,8.75901,healthy,20221117T113500_4407951432584596_2.0_clip_006.wav
9.148399,7.405039,healthy,20221116T133500_4407951432584596_2.0_clip_009.wav
14.504136,6.5832205,healthy,20221116T204500_4407951432584596_2.0_clip_012.wav
9.038095,7.577635,healthy,20221116T164500_4407951432584596_2.0_clip_002.wav
10.235645,7.9867873,healthy,20221117T104500_4407951432584596_2.0_clip_003.wav
16.062304,7.7856517,healthy,20221117T001500_4407951432584596_2.0_clip_005.wav
15.266796,7.865288,healthy,20221117T034500_4407951432584596_2.0_clip_009.wav
13.727587,8.049675,healthy,20221116T210500_4407951432584596_2.0_clip_005.wav
13.506573,6.917805,healthy,20221116T204500_4407951432584596_2.0_clip_003.wav
13.823047,7.412195,healthy,20221117T082500_4407951432584596_2.0_clip_008.wav
10.386559,8.099161,healthy,20221117T111500_4407951432584596_2.0_clip_009.wav
14.587804,7.3447285,healthy,20221117T032500_4407951432584596_2.0_clip_011.wav
12.889236,8.484043,healthy,20221117T095500_4407951432584596_2.0_clip_010.wav
16.557793,7.787823,healthy,20221117T001500_4407951432584596_2.0_clip_006.wav
9.446073,8.055841,healthy,20221116T155500_4407951432584596_2.0_clip_008.wav
13.396244,7.83148,healthy,20221116T191500_4407951432584596_2.0_clip_011.wav
13.971523,7.921693,healthy,20221116T190500_4407951432584596_2.0_clip_004.wav
15.147459,8.712851,healthy,20221117T080500_4407951432584596_2.0_clip_010.wav
15.374485,7.9209394,healthy,20221116T231500_4407951432584596_2.0_clip_009.wav
15.160449,5.1037254,healthy,20221116T223500_4407951432584596_2.0_clip_012.wav
14.67163,6.5268564,healthy,20221117T014500_4407951432584596_2.0_clip_006.wav
13.2357645,7.1831865,healthy,20221116T210500_4407951432584596_2.0_clip_004.wav
14.059312,7.5670753,healthy,20221116T202500_4407951432584596_2.0_clip_008.wav
9.307384,7.8064938,healthy,20221116T142500_4407951432584596_2.0_clip_012.wav
9.1771345,9.618409,healthy,20221117T112500_4407951432584596_2.0_clip_009.wav
15.0448675,6.6795974,healthy,20221117T055500_4407951432584596_2.0_clip_003.wav
14.074482,7.154918,healthy,20221116T215500_4407951432584596_2.0_clip_007.wav
14.657953,7.648262,healthy,20221116T215500_4407951432584596_2.0_clip_004.wav
15.040901,8.270342,healthy,20221117T025500_4407951432584596_2.0_clip_005.wav
11.189356,9.144717,healthy,20221116T181500_4407951432584596_2.0_clip_004.wav
9.923377,8.268983,healthy,20221116T145500_4407951432584596_2.0_clip_012.wav
15.229852,9.089313,healthy,20221117T074500_4407951432584596_2.0_clip_009.wav
9.471292,8.492653,healthy,20221117T102500_4407951432584596_2.0_clip_007.wav
14.514177,6.932523,healthy,20221117T012500_4407951432584596_2.0_clip_006.wav
9.118782,9.328732,healthy,20221117T105500_4407951432584596_2.0_clip_001.wav
16.228285,7.539061,healthy,20221117T075500_4407951432584596_2.0_clip_006.wav
16.103868,7.2322583,healthy,20221117T033500_4407951432584596_2.0_clip_002.wav
10.309745,9.063122,healthy,20221117T102500_4407951432584596_2.0_clip_012.wav
14.808131,7.2286124,healthy,20221117T064500_4407951432584596_2.0_clip_012.wav
16.455555,7.660864,healthy,20221117T042500_4407951432584596_2.0_clip_009.wav
14.903191,6.317677,healthy,20221116T224500_4407951432584596_2.0_clip_005.wav
14.491076,7.0326777,healthy,20221116T224500_4407951432584596_2.0_clip_002.wav
14.252525,9.35729,healthy,20221117T094500_4407951432584596_2.0_clip_009.wav
12.181369,9.14113,healthy,20221117T094500_4407951432584596_2.0_clip_011.wav
9.044377,7.4995847,healthy,20221116T162500_4407951432584596_2.0_clip_010.wav
10.31326,9.491862,healthy,20221117T095500_4407951432584596_2.0_clip_001.wav
14.546781,7.0184608,healthy,20221117T044500_4407951432584596_2.0_clip_004.wav
14.678987,9.3307,healthy,20221117T070500_4407951432584596_2.0_clip_009.wav
14.111912,7.500617,healthy,20221116T224500_4407951432584596_2.0_clip_008.wav
14.664655,8.775996,healthy,20221117T073500_4407951432584596_2.0_clip_001.wav
9.271022,10.4539585,healthy,20221116T155500_4407951432584596_2.0_clip_012.wav
16.578466,7.4177456,healthy,20221117T040500_4407951432584596_2.0_clip_011.wav
10.215706,9.955799,healthy,20221116T161500_4407951432584596_2.0_clip_008.wav
9.249984,10.353781,healthy,20221116T140500_4407951432584596_2.0_clip_011.wav
15.035496,8.690134,healthy,20221117T075500_4407951432584596_2.0_clip_005.wav
15.7278595,8.267443,healthy,20221117T000500_4407951432584596_2.0_clip_008.wav
11.180651,8.477896,healthy,20221116T182500_4407951432584596_2.0_clip_003.wav
13.440646,6.4500937,healthy,20221116T201500_4407951432584596_2.0_clip_008.wav
12.951847,6.720292,healthy,20221116T182500_4407951432584596_2.0_clip_012.wav
16.621202,7.625169,healthy,20221117T040500_4407951432584596_2.0_clip_012.wav
13.109789,7.982089,healthy,20221116T191500_4407951432584596_2.0_clip_003.wav
9.8102455,8.410654,healthy,20221116T150500_4407951432584596_2.0_clip_003.wav
14.457595,8.706697,healthy,20221117T084500_4407951432584596_2.0_clip_008.wav
15.871011,5.252079,healthy,20221117T025500_4407951432584596_2.0_clip_006.wav
9.375561,9.011733,healthy,20221116T132500_4407951432584596_2.0_clip_006.wav
14.706575,8.0647955,healthy,20221116T221500_4407951432584596_2.0_clip_008.wav
16.357151,6.7747383,healthy,20221117T060500_4407951432584596_2.0_clip_002.wav
16.557888,8.014939,healthy,20221117T044500_4407951432584596_2.0_clip_008.wav
14.885332,9.049184,healthy,20221117T073500_4407951432584596_2.0_clip_002.wav
14.902455,8.512728,healthy,20221117T082500_4407951432584596_2.0_clip_011.wav
9.806566,8.177494,healthy,20221116T140500_4407951432584596_2.0_clip_007.wav
9.907951,8.659913,healthy,20221116T145500_4407951432584596_2.0_clip_002.wav
15.93439,5.6536717,healthy,20221116T211500_4407951432584596_2.0_clip_009.wav
8.609434,9.934626,healthy,20221116T161500_4407951432584596_2.0_clip_010.wav
9.734447,9.673814,healthy,20221117T110500_4407951432584596_2.0_clip_007.wav
8.977015,7.6152835,healthy,20221117T120500_4407951432584596_2.0_clip_001.wav
15.676803,8.975613,healthy,20221117T083500_4407951432584596_2.0_clip_012.wav
14.002194,6.007673,healthy,20221116T203500_4407951432584596_2.0_clip_002.wav
10.3826065,9.412563,healthy,20221117T103500_4407951432584596_2.0_clip_010.wav
14.275777,9.199683,healthy,20221117T072500_4407951432584596_2.0_clip_012.wav
15.083835,6.439523,healthy,20221117T062500_4407951432584596_2.0_clip_009.wav
13.537985,5.890054,healthy,20221116T221500_4407951432584596_2.0_clip_010.wav
13.644733,6.802294,healthy,20221116T205500_4407951432584596_2.0_clip_001.wav
15.225166,6.8248944,healthy,20221117T013500_4407951432584596_2.0_clip_012.wav
9.56357,10.242167,healthy,20221116T152500_4407951432584596_2.0_clip_005.wav
9.247137,7.7423377,healthy,20221116T121500_4407951432584596_2.0_clip_006.wav
10.47277,9.03408,healthy,20221116T172500_4407951432584596_2.0_clip_005.wav
16.454971,7.869704,healthy,20221116T235500_4407951432584596_2.0_clip_009.wav
14.643224,9.271603,healthy,20221117T071500_4407951432584596_2.0_clip_001.wav
14.107359,6.59748,healthy,20221116T195500_4407951432584596_2.0_clip_006.wav
10.78133,8.7499275,healthy,20221116T164500_4407951432584596_2.0_clip_009.wav
8.805027,8.382414,healthy,20221116T160500_4407951432584596_2.0_clip_006.wav
14.062991,8.0263605,healthy,20221116T203500_4407951432584596_2.0_clip_008.wav
15.420489,7.3241816,healthy,20221117T010500_4407951432584596_2.0_clip_011.wav
15.125889,6.6192064,healthy,20221117T024500_4407951432584596_2.0_clip_001.wav
15.920038,5.3248177,healthy,20221117T004500_4407951432584596_2.0_clip_011.wav
16.35091,7.391915,healthy,20221117T043500_4407951432584596_2.0_clip_005.wav
15.878707,7.132758,healthy,20221117T010500_4407951432584596_2.0_clip_005.wav
8.9901,9.880121,healthy,20221116T160500_4407951432584596_2.0_clip_004.wav
8.930397,9.1152315,healthy,20221116T144500_4407951432584596_2.0_clip_007.wav
10.041913,7.9822307,healthy,20221116T151500_4407951432584596_2.0_clip_011.wav
9.379902,10.153129,healthy,20221117T113500_4407951432584596_2.0_clip_002.wav
10.04389,8.167669,healthy,20221116T162500_4407951432584596_2.0_clip_004.wav
10.105192,8.92217,healthy,20221116T163500_4407951432584596_2.0_clip_005.wav
8.589412,10.051491,healthy,20221116T122500_4407951432584596_2.0_clip_001.wav
14.503427,6.1485248,healthy,20221117T034500_4407951432584596_2.0_clip_004.wav
14.258126,7.7277064,healthy,20221116T234500_4407951432584596_2.0_clip_011.wav
8.949301,8.64103,healthy,20221116T150500_4407951432584596_2.0_clip_002.wav
12.791117,7.878198,healthy,20221116T184500_4407951432584596_2.0_clip_011.wav
15.737675,6.469702,healthy,20221116T234500_4407951432584596_2.0_clip_002.wav
9.488115,8.211023,healthy,20221116T165500_4407951432584596_2.0_clip_001.wav
13.143194,6.018421,healthy,20221116T200500_4407951432584596_2.0_clip_001.wav
10.845273,9.46728,healthy,20221116T171500_4407951432584596_2.0_clip_004.wav
16.00636,6.730254,healthy,20221116T232500_4407951432584596_2.0_clip_012.wav
15.256604,8.900289,healthy,20221117T064500_4407951432584596_2.0_clip_005.wav
14.639937,8.525291,healthy,20221117T062500_4407951432584596_2.0_clip_006.wav
14.582103,7.4688416,healthy,20221117T063500_4407951432584596_2.0_clip_005.wav
9.464764,9.00633,healthy,20221117T115500_4407951432584596_2.0_clip_006.wav
14.567584,5.6600227,healthy,20221117T024500_4407951432584596_2.0_clip_007.wav
14.792968,9.442303,healthy,20221117T071500_4407951432584596_2.0_clip_008.wav
12.168195,8.270779,healthy,20221116T182500_4407951432584596_2.0_clip_008.wav
15.401709,6.550132,healthy,20221117T021500_4407951432584596_2.0_clip_005.wav
14.49517,8.495351,healthy,20221117T063500_4407951432584596_2.0_clip_003.wav
15.119426,5.4293394,healthy,20221117T081500_4407951432584596_2.0_clip_009.wav
15.950822,8.742583,healthy,20221117T063500_4407951432584596_2.0_clip_004.wav
15.4167795,7.3632035,healthy,20221117T050500_4407951432584596_2.0_clip_009.wav
10.965582,9.408492,healthy,20221116T174500_4407951432584596_2.0_clip_001.wav
15.002175,6.844449,healthy,20221117T024500_4407951432584596_2.0_clip_006.wav
13.935026,9.25778,healthy,20221117T092500_4407951432584596_2.0_clip_004.wav
15.074896,9.2998295,healthy,20221117T084500_4407951432584596_2.0_clip_011.wav
15.29277,8.771042,healthy,20221117T061500_4407951432584596_2.0_clip_010.wav
16.000536,8.051637,healthy,20221117T000500_4407951432584596_2.0_clip_003.wav
16.070105,8.687736,healthy,20221117T062500_4407951432584596_2.0_clip_002.wav
15.239657,9.09591,healthy,20221117T081500_4407951432584596_2.0_clip_001.wav
13.394895,9.399503,healthy,20221117T103500_4407951432584596_2.0_clip_004.wav
16.102375,7.3917546,healthy,20221117T054500_4407951432584596_2.0_clip_007.wav
12.962388,7.8710265,healthy,20221116T200500_4407951432584596_2.0_clip_010.wav
9.435282,8.578342,healthy,20221116T162500_4407951432584596_2.0_clip_002.wav
13.674048,7.921369,healthy,20221116T193500_4407951432584596_2.0_clip_011.wav
14.894203,6.5034766,healthy,20221116T234500_4407951432584596_2.0_clip_009.wav
13.773584,8.610799,healthy,20221117T085500_4407951432584596_2.0_clip_005.wav
8.475352,9.99297,healthy,20221116T154500_4407951432584596_2.0_clip_001.wav
15.281613,5.6758585,healthy,20221116T222500_4407951432584596_2.0_clip_004.wav
13.677017,5.636895,healthy,20221116T194500_4407951432584596_2.0_clip_007.wav
14.942957,6.9842277,healthy,20221117T005500_4407951432584596_2.0_clip_002.wav
9.688451,9.343371,healthy,20221116T163500_4407951432584596_2.0_clip_010.wav
13.770483,9.002869,healthy,20221117T091500_4407951432584596_2.0_clip_008.wav
15.447843,8.894679,healthy,20221117T071500_4407951432584596_2.0_clip_010.wav
9.958717,9.785615,healthy,20221117T093500_4407951432584596_2.0_clip_005.wav
15.755991,5.6174855,healthy,20221117T034500_4407951432584596_2.0_clip_007.wav
14.761906,7.753102,healthy,20221116T203500_4407951432584596_2.0_clip_003.wav
9.499028,7.5146766,healthy,20221116T135500_4407951432584596_2.0_clip_011.wav
14.193694,9.317266,healthy,20221117T070500_4407951432584596_2.0_clip_006.wav
9.661893,9.0147505,healthy,20221117T120500_4407951432584596_2.0_clip_004.wav
16.642984,7.9610543,healthy,20221117T044500_4407951432584596_2.0_clip_012.wav
9.785075,9.925514,healthy,20221116T120500_4407951432584596_2.0_clip_009.wav
14.120804,8.317767,healthy,20221117T074500_4407951432584596_2.0_clip_001.wav
15.421045,8.810762,healthy,20221117T081500_4407951432584596_2.0_clip_003.wav
9.113182,8.6781645,healthy,20221116T143500_4407951432584596_2.0_clip_010.wav
9.797684,10.118924,healthy,20221116T165500_4407951432584596_2.0_clip_007.wav
10.855159,9.179071,healthy,20221116T171500_4407951432584596_2.0_clip_001.wav
15.588939,6.4873095,healthy,20221117T055500_4407951432584596_2.0_clip_011.wav
15.157889,7.8179364,healthy,20221116T223500_4407951432584596_2.0_clip_008.wav
13.70944,6.993039,healthy,20221117T031500_4407951432584596_2.0_clip_003.wav
14.0506,9.076707,healthy,20221117T054500_4407951432584596_2.0_clip_004.wav
9.088496,8.054851,healthy,20221116T123500_4407951432584596_2.0_clip_008.wav
15.0713825,5.175789,healthy,20221117T013500_4407951432584596_2.0_clip_006.wav
15.136376,7.388652,healthy,20221117T065500_4407951432584596_2.0_clip_001.wav
14.617106,6.24384,healthy,20221117T005500_4407951432584596_2.0_clip_010.wav
15.319656,6.913897,healthy,20221117T045500_4407951432584596_2.0_clip_001.wav
16.07503,6.403258,healthy,20221117T011500_4407951432584596_2.0_clip_007.wav
15.155227,8.987197,healthy,20221117T053500_4407951432584596_2.0_clip_006.wav
13.762994,7.2838187,healthy,20221117T072500_4407951432584596_2.0_clip_007.wav
9.769846,8.6098,healthy,20221116T140500_4407951432584596_2.0_clip_010.wav
15.736303,8.742867,healthy,20221117T061500_4407951432584596_2.0_clip_003.wav
8.967593,9.692713,healthy,20221116T130500_4407951432584596_2.0_clip_010.wav
15.509507,5.72695,healthy,20221116T210500_4407951432584596_2.0_clip_012.wav
16.38307,7.9947257,healthy,20221116T220500_4407951432584596_2.0_clip_006.wav
13.4987135,5.6441417,healthy,20221116T204500_4407951432584596_2.0_clip_001.wav
12.663629,9.080899,healthy,20221117T091500_4407951432584596_2.0_clip_002.wav
9.624655,8.309127,healthy,20221116T132500_4407951432584596_2.0_clip_009.wav
14.943641,6.4140077,healthy,20221117T081500_4407951432584596_2.0_clip_006.wav
9.05593,7.5819254,healthy,20221117T112500_4407951432584596_2.0_clip_004.wav
12.468134,7.847683,healthy,20221116T181500_4407951432584596_2.0_clip_012.wav
8.709033,8.7863035,healthy,20221116T135500_4407951432584596_2.0_clip_005.wav
9.24085,8.0363245,healthy,20221116T150500_4407951432584596_2.0_clip_011.wav
11.160775,8.186829,healthy,20221116T184500_4407951432584596_2.0_clip_009.wav
14.807938,6.3575726,healthy,20221116T232500_4407951432584596_2.0_clip_007.wav
14.701492,8.03632,healthy,20221116T223500_4407951432584596_2.0_clip_007.wav
9.138238,10.13907,healthy,20221117T115500_4407951432584596_2.0_clip_010.wav
13.198162,7.699475,healthy,20221116T191500_4407951432584596_2.0_clip_012.wav
13.695753,5.8862877,healthy,20221116T221500_4407951432584596_2.0_clip_004.wav
9.461171,9.97492,healthy,20221116T153500_4407951432584596_2.0_clip_012.wav
15.287911,7.174162,healthy,20221117T051500_4407951432584596_2.0_clip_007.wav
16.237024,7.935884,healthy,20221117T043500_4407951432584596_2.0_clip_004.wav
14.272838,5.347049,healthy,20221117T045500_4407951432584596_2.0_clip_008.wav
8.620938,9.650466,healthy,20221116T134500_4407951432584596_2.0_clip_004.wav
15.76419,5.2847247,healthy,20221116T193500_4407951432584596_2.0_clip_003.wav
16.062695,7.2575846,healthy,20221117T050500_4407951432584596_2.0_clip_006.wav
9.831609,8.074978,healthy,20221117T113500_4407951432584596_2.0_clip_008.wav
12.846839,6.754271,healthy,20221117T092500_4407951432584596_2.0_clip_011.wav
15.716331,9.02407,healthy,20221117T065500_4407951432584596_2.0_clip_011.wav
11.043662,9.413109,healthy,20221116T173500_4407951432584596_2.0_clip_006.wav
15.431364,5.656583,healthy,20221117T000500_4407951432584596_2.0_clip_002.wav
16.258286,7.3700147,healthy,20221117T031500_4407951432584596_2.0_clip_010.wav
13.827879,6.875194,healthy,20221116T212500_4407951432584596_2.0_clip_009.wav
14.787957,7.1053066,healthy,20221117T023500_4407951432584596_2.0_clip_009.wav
16.103994,7.615543,healthy,20221117T032500_4407951432584596_2.0_clip_001.wav
10.0324,8.945765,healthy,20221117T101500_4407951432584596_2.0_clip_004.wav
14.111762,5.652729,healthy,20221116T202500_4407951432584596_2.0_clip_010.wav
9.944795,9.962286,healthy,20221116T140500_4407951432584596_2.0_clip_008.wav
10.274282,8.555174,healthy,20221117T111500_4407951432584596_2.0_clip_007.wav
14.825545,7.7130275,healthy,20221116T204500_4407951432584596_2.0_clip_011.wav
14.019893,8.578761,healthy,20221117T082500_4407951432584596_2.0_clip_003.wav
14.678187,5.152319,healthy,20221116T215500_4407951432584596_2.0_clip_009.wav
14.604556,5.983687,healthy,20221116T230500_4407951432584596_2.0_clip_010.wav
10.321858,8.195723,healthy,20221117T105500_4407951432584596_2.0_clip_004.wav
16.36222,7.9831967,healthy,20221117T022500_4407951432584596_2.0_clip_001.wav
14.046766,5.980973,healthy,20221117T012500_4407951432584596_2.0_clip_003.wav
16.418324,7.818547,healthy,20221116T213500_4407951432584596_2.0_clip_011.wav
13.750561,8.886919,healthy,20221117T084500_4407951432584596_2.0_clip_003.wav
9.735839,8.639125,healthy,20221116T121500_4407951432584596_2.0_clip_004.wav
14.1304035,5.5074754,healthy,20221116T230500_4407951432584596_2.0_clip_008.wav
14.770245,9.374048,healthy,20221117T072500_4407951432584596_2.0_clip_008.wav
13.365595,7.84195,healthy,20221116T192500_4407951432584596_2.0_clip_008.wav
13.377529,5.6682215,healthy,20221117T103500_4407951432584596_2.0_clip_007.wav
9.27254,9.886913,healthy,20221116T144500_4407951432584596_2.0_clip_006.wav
15.28586,5.576175,healthy,20221116T184500_4407951432584596_2.0_clip_008.wav
16.869358,8.356431,healthy,20221117T022500_4407951432584596_2.0_clip_007.wav
13.693274,7.25577,healthy,20221116T200500_4407951432584596_2.0_clip_007.wav
9.519838,9.42724,healthy,20221116T145500_4407951432584596_2.0_clip_011.wav
9.234405,10.079173,healthy,20221116T121500_4407951432584596_2.0_clip_008.wav
16.108305,7.809056,healthy,20221117T033500_4407951432584596_2.0_clip_003.wav
8.7008095,9.376796,healthy,20221116T134500_4407951432584596_2.0_clip_002.wav
15.777909,8.920498,healthy,20221117T060500_4407951432584596_2.0_clip_011.wav
16.105322,8.729399,healthy,20221117T070500_4407951432584596_2.0_clip_011.wav
13.439381,7.868818,healthy,20221116T201500_4407951432584596_2.0_clip_009.wav
8.921069,10.115581,healthy,20221116T125500_4407951432584596_2.0_clip_008.wav
12.765975,7.0591774,healthy,20221117T092500_4407951432584596_2.0_clip_009.wav
9.59925,10.135125,healthy,20221116T171500_4407951432584596_2.0_clip_003.wav
9.797624,8.423967,healthy,20221116T132500_4407951432584596_2.0_clip_001.wav
9.201208,10.218962,healthy,20221116T161500_4407951432584596_2.0_clip_011.wav
16.262793,6.5325413,healthy,20221117T030500_4407951432584596_2.0_clip_012.wav
16.370773,7.2897434,healthy,20221117T035500_4407951432584596_2.0_clip_001.wav
14.959733,9.274442,healthy,20221117T084500_4407951432584596_2.0_clip_002.wav
8.652349,9.120336,healthy,20221116T123500_4407951432584596_2.0_clip_003.wav
8.531435,10.0889225,healthy,20221116T164500_4407951432584596_2.0_clip_011.wav
15.79735,6.2078943,healthy,20221117T005500_4407951432584596_2.0_clip_005.wav
8.6054535,10.046247,healthy,20221116T143500_4407951432584596_2.0_clip_001.wav
8.872486,7.9039745,healthy,20221116T131500_4407951432584596_2.0_clip_002.wav
8.751523,9.81327,healthy,20221117T115500_4407951432584596_2.0_clip_002.wav
9.068385,7.371914,healthy,20221116T162500_4407951432584596_2.0_clip_005.wav
13.146929,8.130797,healthy,20221116T195500_4407951432584596_2.0_clip_004.wav
8.296372,9.88033,healthy,20221116T143500_4407951432584596_2.0_clip_007.wav
14.915414,7.3537126,healthy,20221117T004500_4407951432584596_2.0_clip_001.wav
9.045194,8.448498,healthy,20221116T123500_4407951432584596_2.0_clip_001.wav
9.850362,8.199786,healthy,20221116T145500_4407951432584596_2.0_clip_010.wav
12.9907465,7.975863,healthy,20221116T194500_4407951432584596_2.0_clip_001.wav
14.618057,7.0195017,healthy,20221117T003500_4407951432584596_2.0_clip_012.wav
8.617782,9.492263,healthy,20221116T124500_4407951432584596_2.0_clip_012.wav
12.947052,8.471373,healthy,20221117T095500_4407951432584596_2.0_clip_005.wav
9.347488,8.843226,healthy,20221116T121500_4407951432584596_2.0_clip_009.wav
9.0009165,8.261181,healthy,20221116T130500_4407951432584596_2.0_clip_003.wav
15.170091,5.2699666,healthy,20221117T024500_4407951432584596_2.0_clip_009.wav
9.546929,8.13926,healthy,20221116T144500_4407951432584596_2.0_clip_009.wav
14.275868,7.5955887,healthy,20221116T210500_4407951432584596_2.0_clip_011.wav
15.006202,6.54838,healthy,20221117T054500_4407951432584596_2.0_clip_012.wav
15.935451,6.6262484,healthy,20221117T012500_4407951432584596_2.0_clip_005.wav
15.427739,8.9429455,healthy,20221117T083500_4407951432584596_2.0_clip_008.wav
15.446312,8.837276,healthy,20221117T064500_4407951432584596_2.0_clip_004.wav
15.42494,5.0459123,healthy,20221116T231500_4407951432584596_2.0_clip_002.wav
14.698815,7.3566756,healthy,20221117T045500_4407951432584596_2.0_clip_004.wav
9.41238,10.203697,healthy,20221117T105500_4407951432584596_2.0_clip_007.wav
13.43232,7.8895097,healthy,20221116T201500_4407951432584596_2.0_clip_002.wav
16.115736,6.6643667,healthy,20221117T035500_4407951432584596_2.0_clip_012.wav
14.793868,7.2749395,healthy,20221117T013500_4407951432584596_2.0_clip_003.wav
15.245468,9.080469,healthy,20221117T053500_4407951432584596_2.0_clip_008.wav
13.706963,6.696743,healthy,20221117T074500_4407951432584596_2.0_clip_010.wav
15.317908,5.540136,healthy,20221116T225500_4407951432584596_2.0_clip_003.wav
9.845415,10.065349,healthy,20221116T141500_4407951432584596_2.0_clip_001.wav
10.406197,7.908073,healthy,20221117T100500_4407951432584596_2.0_clip_002.wav
10.021898,9.19973,healthy,20221117T104500_4407951432584596_2.0_clip_004.wav
10.206677,10.010195,healthy,20221116T125500_4407951432584596_2.0_clip_004.wav
8.900082,9.456528,healthy,20221117T112500_4407951432584596_2.0_clip_012.wav
13.286652,6.741241,healthy,20221116T195500_4407951432584596_2.0_clip_005.wav
15.212177,9.096546,healthy,20221117T064500_4407951432584596_2.0_clip_010.wav
14.4189005,6.777826,healthy,20221117T011500_4407951432584596_2.0_clip_010.wav
13.451204,6.8008723,healthy,20221116T194500_4407951432584596_2.0_clip_005.wav
13.815821,8.0308075,healthy,20221116T210500_4407951432584596_2.0_clip_007.wav
16.181767,7.9144826,healthy,20221117T000500_4407951432584596_2.0_clip_004.wav
13.549032,6.1353273,healthy,20221116T192500_4407951432584596_2.0_clip_011.wav
11.0774765,9.315619,healthy,20221116T180500_4407951432584596_2.0_clip_012.wav
15.811384,7.5959253,healthy,20221116T233500_4407951432584596_2.0_clip_012.wav
14.663108,9.083897,healthy,20221117T074500_4407951432584596_2.0_clip_005.wav
11.6792555,8.884559,healthy,20221116T181500_4407951432584596_2.0_clip_005.wav
13.280484,8.124907,healthy,20221116T190500_4407951432584596_2.0_clip_006.wav
12.84727,9.010376,healthy,20221117T092500_4407951432584596_2.0_clip_002.wav
15.832513,5.420284,healthy,20221117T025500_4407951432584596_2.0_clip_007.wav
16.630434,6.9812164,healthy,20221117T071500_4407951432584596_2.0_clip_003.wav
8.705316,10.098208,healthy,20221116T133500_4407951432584596_2.0_clip_010.wav
14.503626,8.867618,healthy,20221117T051500_4407951432584596_2.0_clip_003.wav
8.916093,8.352299,healthy,20221117T112500_4407951432584596_2.0_clip_003.wav
13.936346,8.637707,healthy,20221117T080500_4407951432584596_2.0_clip_012.wav
14.509734,9.196085,healthy,20221117T073500_4407951432584596_2.0_clip_010.wav
14.156191,6.992445,healthy,20221117T082500_4407951432584596_2.0_clip_002.wav
14.814919,8.097463,healthy,20221116T225500_4407951432584596_2.0_clip_007.wav
13.931244,7.23757,healthy,20221116T212500_4407951432584596_2.0_clip_001.wav
15.222049,8.070503,healthy,20221117T044500_4407951432584596_2.0_clip_011.wav
14.526588,6.518509,healthy,20221117T023500_4407951432584596_2.0_clip_005.wav
14.204246,6.514718,healthy,20221116T220500_4407951432584596_2.0_clip_004.wav
9.023109,8.234119,healthy,20221116T141500_4407951432584596_2.0_clip_009.wav
15.919948,7.363331,healthy,20221117T025500_4407951432584596_2.0_clip_004.wav
9.257925,8.737986,healthy,20221116T141500_4407951432584596_2.0_clip_011.wav
15.940502,8.745827,healthy,20221117T062500_4407951432584596_2.0_clip_012.wav
9.060417,9.102982,healthy,20221116T120500_4407951432584596_2.0_clip_001.wav
14.546168,9.146508,healthy,20221117T092500_4407951432584596_2.0_clip_008.wav
15.017696,9.035011,healthy,20221117T055500_4407951432584596_2.0_clip_005.wav
9.111112,8.914759,healthy,20221116T132500_4407951432584596_2.0_clip_012.wav
8.993253,7.711098,healthy,20221117T105500_4407951432584596_2.0_clip_009.wav
9.69623,9.491039,healthy,20221116T160500_4407951432584596_2.0_clip_012.wav
9.609181,9.264474,healthy,20221116T133500_4407951432584596_2.0_clip_012.wav
13.697281,9.328933,healthy,20221117T083500_4407951432584596_2.0_clip_005.wav
16.421337,7.142996,healthy,20221117T032500_4407951432584596_2.0_clip_010.wav
15.830524,8.188021,healthy,20221117T061500_4407951432584596_2.0_clip_012.wav
13.943784,7.296071,healthy,20221117T072500_4407951432584596_2.0_clip_006.wav
11.710552,9.148393,healthy,20221117T093500_4407951432584596_2.0_clip_012.wav
15.77582,5.42178,healthy,20221117T001500_4407951432584596_2.0_clip_001.wav
13.924938,5.42768,healthy,20221116T190500_4407951432584596_2.0_clip_010.wav
16.08115,6.682943,healthy,20221117T005500_4407951432584596_2.0_clip_003.wav
9.637919,10.115089,healthy,20221116T125500_4407951432584596_2.0_clip_010.wav
16.460545,7.5392385,healthy,20221117T021500_4407951432584596_2.0_clip_006.wav
15.183588,5.8294454,healthy,20221117T074500_4407951432584596_2.0_clip_011.wav
14.429603,5.9117208,healthy,20221117T000500_4407951432584596_2.0_clip_010.wav
14.123345,6.900143,healthy,20221116T183500_4407951432584596_2.0_clip_009.wav
15.288278,6.609761,healthy,20221116T214500_4407951432584596_2.0_clip_010.wav
8.725055,9.810675,healthy,20221116T143500_4407951432584596_2.0_clip_002.wav
9.520669,9.579782,healthy,20221117T111500_4407951432584596_2.0_clip_004.wav
16.060265,6.495465,healthy,20221117T042500_4407951432584596_2.0_clip_007.wav
15.727116,8.450217,healthy,20221117T060500_4407951432584596_2.0_clip_001.wav
15.059221,9.037466,healthy,20221117T070500_4407951432584596_2.0_clip_010.wav
15.713807,5.305089,healthy,20221117T024500_4407951432584596_2.0_clip_012.wav
14.461497,7.107011,healthy,20221117T023500_4407951432584596_2.0_clip_012.wav
10.881437,9.387935,healthy,20221116T172500_4407951432584596_2.0_clip_011.wav
12.860742,6.328062,healthy,20221116T172500_4407951432584596_2.0_clip_007.wav
14.514763,5.4676814,healthy,20221116T220500_4407951432584596_2.0_clip_008.wav
9.261379,10.431364,healthy,20221116T170500_4407951432584596_2.0_clip_004.wav
14.22255,8.371139,healthy,20221117T082500_4407951432584596_2.0_clip_010.wav
13.788932,8.286328,healthy,20221117T083500_4407951432584596_2.0_clip_009.wav
13.461226,9.278672,healthy,20221117T100500_4407951432584596_2.0_clip_009.wav
13.910425,9.438472,healthy,20221117T094500_4407951432584596_2.0_clip_008.wav
13.474433,6.04279,healthy,20221116T201500_4407951432584596_2.0_clip_006.wav
9.068866,8.328761,healthy,20221116T174500_4407951432584596_2.0_clip_002.wav
15.249868,6.7657723,healthy,20221116T225500_4407951432584596_2.0_clip_008.wav
10.621041,8.409789,healthy,20221116T171500_4407951432584596_2.0_clip_002.wav
16.232641,8.364905,healthy,20221117T075500_4407951432584596_2.0_clip_010.wav
14.963251,7.243487,healthy,20221117T043500_4407951432584596_2.0_clip_009.wav
13.823614,7.828116,healthy,20221116T205500_4407951432584596_2.0_clip_010.wav
10.064817,8.873107,healthy,20221117T093500_4407951432584596_2.0_clip_011.wav
16.692541,7.9066515,healthy,20221117T040500_4407951432584596_2.0_clip_009.wav
9.373102,9.954689,healthy,20221116T170500_4407951432584596_2.0_clip_002.wav
10.194586,7.966847,healthy,20221117T093500_4407951432584596_2.0_clip_003.wav
14.142577,7.1398606,healthy,20221117T072500_4407951432584596_2.0_clip_003.wav
14.402411,6.364332,healthy,20221116T231500_4407951432584596_2.0_clip_011.wav
10.936113,9.453906,healthy,20221116T173500_4407951432584596_2.0_clip_005.wav
13.887123,8.813041,healthy,20221117T080500_4407951432584596_2.0_clip_007.wav
8.702611,9.977872,healthy,20221116T144500_4407951432584596_2.0_clip_005.wav
16.024231,7.243447,healthy,20221117T052500_4407951432584596_2.0_clip_005.wav
14.75121,5.244646,healthy,20221116T234500_4407951432584596_2.0_clip_003.wav
14.109468,6.045513,healthy,20221117T005500_4407951432584596_2.0_clip_001.wav
14.478633,7.0849996,healthy,20221116T222500_4407951432584596_2.0_clip_002.wav
9.158774,9.51337,healthy,20221116T124500_4407951432584596_2.0_clip_006.wav
15.279383,8.8576975,healthy,20221117T065500_4407951432584596_2.0_clip_005.wav
15.211598,5.6276736,healthy,20221116T213500_4407951432584596_2.0_clip_012.wav
16.209543,6.9223213,healthy,20221117T052500_4407951432584596_2.0_clip_002.wav
10.119357,9.39141,healthy,20221117T102500_4407951432584596_2.0_clip_005.wav
16.202034,6.47168,healthy,20221117T001500_4407951432584596_2.0_clip_003.wav
9.532542,9.914866,healthy,20221116T155500_4407951432584596_2.0_clip_011.wav
9.080628,9.480814,healthy,20221117T112500_4407951432584596_2.0_clip_005.wav
14.716525,7.677648,healthy,20221116T201500_4407951432584596_2.0_clip_010.wav
16.277628,7.1223383,healthy,20221117T045500_4407951432584596_2.0_clip_007.wav
12.986883,7.6977167,healthy,20221116T192500_4407951432584596_2.0_clip_002.wav
15.875448,5.4312663,healthy,20221116T192500_4407951432584596_2.0_clip_004.wav
13.168865,6.5160656,healthy,20221116T194500_4407951432584596_2.0_clip_003.wav
15.858008,7.6112776,healthy,20221117T033500_4407951432584596_2.0_clip_009.wav
16.498672,7.0849957,healthy,20221117T025500_4407951432584596_2.0_clip_002.wav
16.490341,7.6328034,healthy,20221116T235500_4407951432584596_2.0_clip_008.wav
9.146095,7.315035,healthy,20221117T101500_4407951432584596_2.0_clip_006.wav
12.17045,7.172527,healthy,20221117T104500_4407951432584596_2.0_clip_005.wav
15.7836895,5.794143,healthy,20221117T040500_4407951432584596_2.0_clip_007.wav
15.190554,6.3876133,healthy,20221117T045500_4407951432584596_2.0_clip_011.wav
9.89718,7.832906,healthy,20221116T135500_4407951432584596_2.0_clip_010.wav
15.695021,7.9605527,healthy,20221116T214500_4407951432584596_2.0_clip_001.wav
14.868936,6.7131424,healthy,20221117T020500_4407951432584596_2.0_clip_009.wav
16.25611,7.96763,healthy,20221117T042500_4407951432584596_2.0_clip_004.wav
11.023541,9.481419,healthy,20221116T174500_4407951432584596_2.0_clip_007.wav
14.688611,5.584326,healthy,20221117T003500_4407951432584596_2.0_clip_005.wav
13.197283,6.2640533,healthy,20221116T184500_4407951432584596_2.0_clip_005.wav
14.039883,5.840125,healthy,20221116T213500_4407951432584596_2.0_clip_009.wav
9.764627,9.679279,healthy,20221117T093500_4407951432584596_2.0_clip_004.wav
14.41704,6.126801,healthy,20221116T205500_4407951432584596_2.0_clip_009.wav
13.975741,6.778042,healthy,20221116T202500_4407951432584596_2.0_clip_006.wav
15.903332,7.5559816,healthy,20221117T022500_4407951432584596_2.0_clip_010.wav
10.009743,8.624974,healthy,20221117T102500_4407951432584596_2.0_clip_001.wav
9.173213,7.7030063,healthy,20221116T144500_4407951432584596_2.0_clip_010.wav
9.102583,10.386793,healthy,20221116T140500_4407951432584596_2.0_clip_012.wav
9.258715,8.051931,healthy,20221116T135500_4407951432584596_2.0_clip_006.wav
8.895333,9.523554,healthy,20221117T105500_4407951432584596_2.0_clip_011.wav
15.114518,7.3412433,healthy,20221117T021500_4407951432584596_2.0_clip_004.wav
15.173271,6.722268,healthy,20221116T214500_4407951432584596_2.0_clip_006.wav
9.009164,8.656951,healthy,20221116T135500_4407951432584596_2.0_clip_009.wav
14.003114,5.967279,healthy,20221117T055500_4407951432584596_2.0_clip_012.wav
14.514545,5.3266444,healthy,20221116T215500_4407951432584596_2.0_clip_005.wav
14.042433,6.083796,healthy,20221117T084500_4407951432584596_2.0_clip_004.wav
13.671932,5.4017215,healthy,20221116T124500_4407951432584596_2.0_clip_005.wav
12.705042,7.770621,healthy,20221116T193500_4407951432584596_2.0_clip_008.wav
16.18455,6.6498084,healthy,20221117T041500_4407951432584596_2.0_clip_004.wav
9.954009,9.124731,healthy,20221116T164500_4407951432584596_2.0_clip_007.wav
15.804499,8.621342,healthy,20221117T054500_4407951432584596_2.0_clip_009.wav
10.640052,9.024939,healthy,20221116T172500_4407951432584596_2.0_clip_009.wav
14.849802,5.415882,healthy,20221117T002500_4407951432584596_2.0_clip_012.wav
13.493156,6.069957,healthy,20221116T200500_4407951432584596_2.0_clip_005.wav
14.658203,7.245806,healthy,20221116T225500_4407951432584596_2.0_clip_002.wav
10.243559,8.51259,healthy,20221116T171500_4407951432584596_2.0_clip_010.wav
11.075089,9.239669,healthy,20221116T174500_4407951432584596_2.0_clip_003.wav
14.780292,6.586457,healthy,20221117T061500_4407951432584596_2.0_clip_011.wav
10.296589,9.798314,healthy,20221117T110500_4407951432584596_2.0_clip_004.wav
15.486461,7.244862,healthy,20221117T020500_4407951432584596_2.0_clip_010.wav
8.451894,9.606561,healthy,20221116T134500_4407951432584596_2.0_clip_011.wav
9.12266,10.447205,healthy,20221116T142500_4407951432584596_2.0_clip_006.wav
13.052358,6.967713,healthy,20221116T183500_4407951432584596_2.0_clip_008.wav
14.2304325,6.901765,healthy,20221117T075500_4407951432584596_2.0_clip_003.wav
16.350805,5.9914336,healthy,20221117T032500_4407951432584596_2.0_clip_007.wav
14.834451,7.9263287,healthy,20221116T224500_4407951432584596_2.0_clip_003.wav
8.974873,10.038628,healthy,20221117T120500_4407951432584596_2.0_clip_009.wav
8.581553,9.542281,healthy,20221116T142500_4407951432584596_2.0_clip_002.wav
13.545651,8.245005,healthy,20221117T091500_4407951432584596_2.0_clip_005.wav
13.917454,8.354841,healthy,20221117T084500_4407951432584596_2.0_clip_005.wav
14.449445,6.799636,healthy,20221117T075500_4407951432584596_2.0_clip_011.wav
15.909557,8.217595,healthy,20221116T201500_4407951432584596_2.0_clip_011.wav
13.872166,5.7517195,healthy,20221117T080500_4407951432584596_2.0_clip_009.wav
15.287158,7.2949495,healthy,20221116T230500_4407951432584596_2.0_clip_003.wav
9.565459,9.48425,healthy,20221116T164500_4407951432584596_2.0_clip_005.wav
14.01534,5.7869897,healthy,20221116T202500_4407951432584596_2.0_clip_009.wav
13.99285,8.980119,healthy,20221117T090500_4407951432584596_2.0_clip_009.wav
10.849662,9.520877,healthy,20221116T173500_4407951432584596_2.0_clip_008.wav
9.812467,8.947165,healthy,20221116T154500_4407951432584596_2.0_clip_010.wav
16.565254,7.597982,healthy,20221117T043500_4407951432584596_2.0_clip_006.wav
14.64261,8.051385,healthy,20221117T074500_4407951432584596_2.0_clip_004.wav
13.34254,7.2301383,healthy,20221116T211500_4407951432584596_2.0_clip_003.wav
9.3062935,7.7403135,healthy,20221116T175500_4407951432584596_2.0_clip_012.wav
15.87121,7.0803432,healthy,20221117T034500_4407951432584596_2.0_clip_011.wav
15.686614,7.839622,healthy,20221117T031500_4407951432584596_2.0_clip_008.wav
13.696643,5.9780354,healthy,20221116T215500_4407951432584596_2.0_clip_008.wav
14.372603,6.3329954,healthy,20221116T232500_4407951432584596_2.0_clip_008.wav
15.738769,7.357203,healthy,20221117T014500_4407951432584596_2.0_clip_012.wav
14.506541,6.349946,healthy,20221116T233500_4407951432584596_2.0_clip_006.wav
16.2024,6.381292,healthy,20221117T012500_4407951432584596_2.0_clip_004.wav
14.561849,6.707753,healthy,20221117T060500_4407951432584596_2.0_clip_008.wav
13.9216585,8.036791,healthy,20221117T072500_4407951432584596_2.0_clip_010.wav
14.270254,9.271794,healthy,20221117T070500_4407951432584596_2.0_clip_005.wav
13.212276,7.55665,healthy,20221116T184500_4407951432584596_2.0_clip_003.wav
8.74567,9.054837,healthy,20221117T103500_4407951432584596_2.0_clip_001.wav
13.838245,8.710008,healthy,20221117T085500_4407951432584596_2.0_clip_006.wav
16.110733,6.8396263,healthy,20221117T020500_4407951432584596_2.0_clip_007.wav
9.050995,10.365143,healthy,20221116T163500_4407951432584596_2.0_clip_003.wav
14.346034,9.23011,healthy,20221117T092500_4407951432584596_2.0_clip_007.wav
11.463941,9.007587,healthy,20221116T181500_4407951432584596_2.0_clip_009.wav
10.05551,10.110711,healthy,20221117T101500_4407951432584596_2.0_clip_012.wav
14.887083,6.625126,healthy,20221117T080500_4407951432584596_2.0_clip_011.wav
15.595881,7.7975388,healthy,20221117T044500_4407951432584596_2.0_clip_003.wav
14.011591,6.6493564,healthy,20221116T212500_4407951432584596_2.0_clip_005.wav
15.395782,8.564764,healthy,20221117T061500_4407951432584596_2.0_clip_007.wav
15.580563,7.283013,healthy,20221117T012500_4407951432584596_2.0_clip_001.wav
14.330359,5.998678,healthy,20221116T193500_4407951432584596_2.0_clip_012.wav
9.107436,7.8520484,healthy,20221117T113500_4407951432584596_2.0_clip_003.wav
10.930767,9.356222,healthy,20221116T172500_4407951432584596_2.0_clip_008.wav
15.639907,7.490819,healthy,20221117T032500_4407951432584596_2.0_clip_004.wav
14.7181425,7.55269,healthy,20221116T223500_4407951432584596_2.0_clip_001.wav
15.749953,7.5921383,healthy,20221117T050500_4407951432584596_2.0_clip_008.wav
13.431054,9.421545,healthy,20221117T101500_4407951432584596_2.0_clip_008.wav
10.647278,8.718417,healthy,20221116T121500_4407951432584596_2.0_clip_007.wav
15.559235,7.928275,healthy,20221117T050500_4407951432584596_2.0_clip_003.wav
10.554707,7.966014,healthy,20221117T104500_4407951432584596_2.0_clip_011.wav
9.60645,9.565919,healthy,20221117T101500_4407951432584596_2.0_clip_011.wav
10.125797,8.374144,healthy,20221117T120500_4407951432584596_2.0_clip_010.wav
15.582078,6.1012006,healthy,20221117T015500_4407951432584596_2.0_clip_005.wav
10.3361635,8.141421,healthy,20221117T104500_4407951432584596_2.0_clip_001.wav
9.546405,9.612262,healthy,20221116T153500_4407951432584596_2.0_clip_004.wav
8.503484,9.935481,healthy,20221116T160500_4407951432584596_2.0_clip_010.wav
14.6021595,9.327969,healthy,20221117T071500_4407951432584596_2.0_clip_002.wav
15.567903,5.4509897,healthy,20221116T233500_4407951432584596_2.0_clip_008.wav
10.143394,8.723137,healthy,20221116T131500_4407951432584596_2.0_clip_011.wav
14.815037,7.173145,healthy,20221117T055500_4407951432584596_2.0_clip_006.wav
16.663044,8.202131,healthy,20221117T022500_4407951432584596_2.0_clip_011.wav
8.963071,7.991358,healthy,20221116T130500_4407951432584596_2.0_clip_009.wav
15.2302065,6.4805975,healthy,20221117T051500_4407951432584596_2.0_clip_002.wav
13.599386,7.2711215,healthy,20221117T091500_4407951432584596_2.0_clip_001.wav
12.934129,7.31313,healthy,20221116T201500_4407951432584596_2.0_clip_012.wav
15.699124,5.2412114,healthy,20221117T040500_4407951432584596_2.0_clip_004.wav
16.051035,6.900986,healthy,20221117T021500_4407951432584596_2.0_clip_001.wav
14.670806,5.6730924,healthy,20221117T002500_4407951432584596_2.0_clip_008.wav
10.317214,9.956728,healthy,20221117T111500_4407951432584596_2.0_clip_010.wav
15.737761,5.2031803,healthy,20221117T003500_4407951432584596_2.0_clip_001.wav
14.258842,7.2908063,healthy,20221117T001500_4407951432584596_2.0_clip_012.wav
14.216688,7.253682,healthy,20221116T211500_4407951432584596_2.0_clip_004.wav
9.023922,8.5498085,healthy,20221116T133500_4407951432584596_2.0_clip_005.wav
9.978591,7.9525876,healthy,20221116T150500_4407951432584596_2.0_clip_005.wav
15.573438,7.7907104,healthy,20221117T023500_4407951432584596_2.0_clip_002.wav
10.43073,9.520133,healthy,20221116T162500_4407951432584596_2.0_clip_001.wav
16.355385,8.452199,healthy,20221117T020500_4407951432584596_2.0_clip_002.wav
9.424651,8.444805,healthy,20221116T170500_4407951432584596_2.0_clip_009.wav
14.132348,8.159408,healthy,20221116T195500_4407951432584596_2.0_clip_008.wav
9.3380575,9.394497,healthy,20221116T134500_4407951432584596_2.0_clip_009.wav
9.804906,8.809026,healthy,20221117T114500_4407951432584596_2.0_clip_006.wav
13.427072,8.98868,healthy,20221117T092500_4407951432584596_2.0_clip_012.wav
15.336384,9.088578,healthy,20221117T084500_4407951432584596_2.0_clip_006.wav
14.868812,5.7515154,healthy,20221117T015500_4407951432584596_2.0_clip_001.wav
8.913211,9.957033,healthy,20221116T125500_4407951432584596_2.0_clip_003.wav
8.892693,9.338857,healthy,20221116T162500_4407951432584596_2.0_clip_012.wav
13.968798,7.8001084,healthy,20221116T220500_4407951432584596_2.0_clip_009.wav
13.17614,8.29751,healthy,20221116T193500_4407951432584596_2.0_clip_002.wav
9.071496,7.2988954,healthy,20221116T175500_4407951432584596_2.0_clip_001.wav
16.270176,6.203739,healthy,20221117T053500_4407951432584596_2.0_clip_011.wav
16.14617,6.2765245,healthy,20221117T002500_4407951432584596_2.0_clip_007.wav
13.053111,9.134287,healthy,20221117T092500_4407951432584596_2.0_clip_006.wav
14.130332,6.0167766,healthy,20221116T220500_4407951432584596_2.0_clip_001.wav
16.019001,7.334916,healthy,20221116T235500_4407951432584596_2.0_clip_001.wav
15.986386,6.4448295,healthy,20221117T002500_4407951432584596_2.0_clip_004.wav
8.923484,9.902187,healthy,20221116T124500_4407951432584596_2.0_clip_009.wav
16.587984,7.0203357,healthy,20221117T070500_4407951432584596_2.0_clip_003.wav
10.561243,9.845133,healthy,20221117T102500_4407951432584596_2.0_clip_008.wav
14.117632,5.383304,healthy,20221116T193500_4407951432584596_2.0_clip_005.wav
15.220395,7.3100643,healthy,20221117T000500_4407951432584596_2.0_clip_011.wav
14.194175,6.5065103,healthy,20221116T234500_4407951432584596_2.0_clip_005.wav
15.832623,7.5459046,healthy,20221117T034500_4407951432584596_2.0_clip_003.wav
9.003379,10.131906,healthy,20221116T163500_4407951432584596_2.0_clip_012.wav
9.411998,10.442311,healthy,20221116T175500_4407951432584596_2.0_clip_007.wav
15.731749,7.1216483,healthy,20221117T004500_4407951432584596_2.0_clip_004.wav
15.536358,8.116948,healthy,20221117T023500_4407951432584596_2.0_clip_008.wav
13.254779,7.629375,healthy,20221116T212500_4407951432584596_2.0_clip_007.wav
14.479386,5.6453457,healthy,20221117T054500_4407951432584596_2.0_clip_003.wav
16.023918,8.344199,healthy,20221117T062500_4407951432584596_2.0_clip_003.wav
16.334236,6.3027997,healthy,20221117T032500_4407951432584596_2.0_clip_012.wav
14.944822,8.63392,healthy,20221117T081500_4407951432584596_2.0_clip_010.wav
8.500188,9.268858,healthy,20221116T143500_4407951432584596_2.0_clip_004.wav
13.752075,5.478567,healthy,20221116T185500_4407951432584596_2.0_clip_006.wav
9.308369,9.35676,healthy,20221116T141500_4407951432584596_2.0_clip_010.wav
16.079739,7.2211766,healthy,20221117T010500_4407951432584596_2.0_clip_004.wav
8.708629,8.963364,healthy,20221116T151500_4407951432584596_2.0_clip_008.wav
8.698817,10.09107,healthy,20221116T125500_4407951432584596_2.0_clip_009.wav
15.811023,8.321339,healthy,20221117T031500_4407951432584596_2.0_clip_004.wav
13.368082,6.9388638,healthy,20221116T184500_4407951432584596_2.0_clip_012.wav
15.543585,7.7651362,healthy,20221117T015500_4407951432584596_2.0_clip_010.wav
13.707594,8.222929,healthy,20221116T201500_4407951432584596_2.0_clip_001.wav
10.518955,8.533123,healthy,20221116T172500_4407951432584596_2.0_clip_006.wav
8.904074,8.360181,healthy,20221116T150500_4407951432584596_2.0_clip_006.wav
13.943821,6.152293,healthy,20221116T222500_4407951432584596_2.0_clip_010.wav
15.151874,9.161304,healthy,20221117T060500_4407951432584596_2.0_clip_012.wav
16.37326,7.2542396,healthy,20221117T034500_4407951432584596_2.0_clip_001.wav
15.837711,6.591338,healthy,20221117T003500_4407951432584596_2.0_clip_009.wav
13.99261,6.9890385,healthy,20221116T210500_4407951432584596_2.0_clip_008.wav
14.28251,7.0032134,healthy,20221117T013500_4407951432584596_2.0_clip_009.wav
10.894239,9.451494,healthy,20221116T165500_4407951432584596_2.0_clip_012.wav
15.147809,7.2810807,healthy,20221117T001500_4407951432584596_2.0_clip_010.wav
11.276752,8.424516,healthy,20221116T173500_4407951432584596_2.0_clip_012.wav
15.609135,7.4816976,healthy,20221117T025500_4407951432584596_2.0_clip_012.wav
9.634984,9.813882,healthy,20221116T134500_4407951432584596_2.0_clip_012.wav
14.21611,5.3160105,healthy,20221116T203500_4407951432584596_2.0_clip_011.wav
15.38036,8.557056,healthy,20221117T085500_4407951432584596_2.0_clip_002.wav
15.10393,6.955222,healthy,20221117T053500_4407951432584596_2.0_clip_003.wav
14.146404,6.640291,healthy,20221117T080500_4407951432584596_2.0_clip_002.wav
14.368067,6.334497,healthy,20221116T220500_4407951432584596_2.0_clip_012.wav
14.309699,8.290082,healthy,20221117T015500_4407951432584596_2.0_clip_003.wav
9.383141,9.132807,healthy,20221116T130500_4407951432584596_2.0_clip_002.wav
8.922812,9.941276,healthy,20221116T140500_4407951432584596_2.0_clip_001.wav
10.560262,9.610327,healthy,20221116T174500_4407951432584596_2.0_clip_004.wav
15.6298685,7.439563,healthy,20221117T041500_4407951432584596_2.0_clip_010.wav
14.686865,6.169996,healthy,20221117T071500_4407951432584596_2.0_clip_006.wav
11.488455,8.669285,healthy,20221116T183500_4407951432584596_2.0_clip_004.wav
15.364896,8.741476,healthy,20221117T055500_4407951432584596_2.0_clip_004.wav
16.292519,6.527985,healthy,20221117T011500_4407951432584596_2.0_clip_012.wav
15.978373,6.589949,healthy,20221117T024500_4407951432584596_2.0_clip_008.wav
9.975127,8.277131,healthy,20221116T122500_4407951432584596_2.0_clip_008.wav
9.423373,9.420276,healthy,20221116T140500_4407951432584596_2.0_clip_005.wav
8.98938,10.100268,healthy,20221116T142500_4407951432584596_2.0_clip_001.wav
10.228613,9.578963,healthy,20221116T170500_4407951432584596_2.0_clip_011.wav
15.591816,8.584789,healthy,20221117T060500_4407951432584596_2.0_clip_006.wav
15.180158,6.6816483,healthy,20221117T060500_4407951432584596_2.0_clip_004.wav
14.962495,9.113813,healthy,20221116T191500_4407951432584596_2.0_clip_010.wav
10.098749,9.960621,healthy,20221116T161500_4407951432584596_2.0_clip_003.wav
12.714547,7.8738236,healthy,20221116T185500_4407951432584596_2.0_clip_010.wav
10.20663,8.013583,healthy,20221117T104500_4407951432584596_2.0_clip_008.wav
15.915904,6.758445,healthy,20221117T071500_4407951432584596_2.0_clip_012.wav
10.101032,9.9392605,healthy,20221116T142500_4407951432584596_2.0_clip_003.wav
9.076467,8.806891,healthy,20221116T120500_4407951432584596_2.0_clip_006.wav
14.714779,7.608955,healthy,20221116T214500_4407951432584596_2.0_clip_012.wav
14.674019,6.220282,healthy,20221116T235500_4407951432584596_2.0_clip_004.wav
13.444528,7.408398,healthy,20221117T095500_4407951432584596_2.0_clip_003.wav
9.010729,9.389673,healthy,20221117T115500_4407951432584596_2.0_clip_005.wav
10.587746,8.785214,healthy,20221116T144500_4407951432584596_2.0_clip_003.wav
14.825361,5.135378,healthy,20221117T030500_4407951432584596_2.0_clip_010.wav
9.74856,9.8038,healthy,20221116T124500_4407951432584596_2.0_clip_007.wav
8.472224,9.528285,healthy,20221116T162500_4407951432584596_2.0_clip_007.wav
14.168766,7.0323787,healthy,20221116T220500_4407951432584596_2.0_clip_003.wav
15.752272,8.013081,healthy,20221117T045500_4407951432584596_2.0_clip_006.wav
14.049353,5.4921303,healthy,20221116T204500_4407951432584596_2.0_clip_008.wav
14.596315,7.8053737,healthy,20221116T235500_4407951432584596_2.0_clip_007.wav
15.051252,6.7239113,healthy,20221117T064500_4407951432584596_2.0_clip_008.wav
13.422057,6.7773175,healthy,20221116T205500_4407951432584596_2.0_clip_002.wav
13.899816,6.7856073,healthy,20221117T035500_4407951432584596_2.0_clip_005.wav
16.027699,6.7672663,healthy,20221117T064500_4407951432584596_2.0_clip_009.wav
8.863671,8.944045,healthy,20221116T141500_4407951432584596_2.0_clip_002.wav
14.269134,7.5774713,healthy,20221117T082500_4407951432584596_2.0_clip_004.wav
8.661292,8.8917,healthy,20221116T161500_4407951432584596_2.0_clip_009.wav
16.657515,8.204619,healthy,20221117T044500_4407951432584596_2.0_clip_006.wav
9.422692,8.01874,healthy,20221116T123500_4407951432584596_2.0_clip_002.wav
10.390876,8.722346,healthy,20221116T164500_4407951432584596_2.0_clip_006.wav
9.113337,10.147611,healthy,20221116T160500_4407951432584596_2.0_clip_009.wav
13.454098,7.475219,healthy,20221117T093500_4407951432584596_2.0_clip_001.wav
15.956573,7.941569,healthy,20221116T235500_4407951432584596_2.0_clip_010.wav
14.988716,7.39746,healthy,20221117T024500_4407951432584596_2.0_clip_005.wav
10.15772,9.940163,healthy,20221116T122500_4407951432584596_2.0_clip_009.wav
14.480327,7.7936044,healthy,20221116T205500_4407951432584596_2.0_clip_006.wav
14.582948,5.753721,healthy,20221116T234500_4407951432584596_2.0_clip_007.wav
10.292529,9.29963,healthy,20221116T120500_4407951432584596_2.0_clip_010.wav
15.852858,6.548341,healthy,20221117T031500_4407951432584596_2.0_clip_009.wav
15.127346,6.8963223,healthy,20221117T085500_4407951432584596_2.0_clip_004.wav
14.955102,7.7364755,healthy,20221117T045500_4407951432584596_2.0_clip_012.wav
14.6651,5.2030826,healthy,20221116T201500_4407951432584596_2.0_clip_005.wav
9.7766,9.39694,healthy,20221116T170500_4407951432584596_2.0_clip_010.wav
14.391973,5.853887,healthy,20221116T205500_4407951432584596_2.0_clip_011.wav
10.177217,7.910936,healthy,20221116T173500_4407951432584596_2.0_clip_003.wav
9.493573,9.933008,healthy,20221116T135500_4407951432584596_2.0_clip_001.wav
9.077062,7.418235,healthy,20221116T171500_4407951432584596_2.0_clip_008.wav
8.794392,10.206161,healthy,20221116T161500_4407951432584596_2.0_clip_006.wav
14.69225,7.333075,healthy,20221117T010500_4407951432584596_2.0_clip_003.wav
15.7574835,5.1898365,healthy,20221117T010500_4407951432584596_2.0_clip_009.wav
15.788047,7.155752,healthy,20221117T031500_4407951432584596_2.0_clip_011.wav
13.492527,7.5045166,healthy,20221117T083500_4407951432584596_2.0_clip_001.wav
15.138137,7.5714645,healthy,20221116T235500_4407951432584596_2.0_clip_002.wav
8.908622,7.698627,healthy,20221117T103500_4407951432584596_2.0_clip_009.wav
9.005655,9.756442,healthy,20221117T115500_4407951432584596_2.0_clip_012.wav
9.7207155,9.8099785,healthy,20221117T103500_4407951432584596_2.0_clip_002.wav
16.531385,7.556241,healthy,20221117T012500_4407951432584596_2.0_clip_002.wav
15.893789,7.6808267,healthy,20221117T050500_4407951432584596_2.0_clip_002.wav
15.526372,5.7823114,healthy,20221117T000500_4407951432584596_2.0_clip_006.wav
13.096648,7.5405064,healthy,20221116T202500_4407951432584596_2.0_clip_011.wav
9.064752,9.361765,healthy,20221116T130500_4407951432584596_2.0_clip_011.wav
15.004941,5.9917345,healthy,20221117T050500_4407951432584596_2.0_clip_011.wav
9.327693,9.376115,healthy,20221116T132500_4407951432584596_2.0_clip_005.wav
8.844315,7.953332,healthy,20221116T153500_4407951432584596_2.0_clip_002.wav
9.384983,9.818873,healthy,20221116T143500_4407951432584596_2.0_clip_008.wav
8.827052,8.641744,healthy,20221116T151500_4407951432584596_2.0_clip_003.wav
14.808763,5.4720945,healthy,20221117T011500_4407951432584596_2.0_clip_002.wav
12.604051,7.989065,healthy,20221116T190500_4407951432584596_2.0_clip_001.wav
14.6761,7.096048,healthy,20221116T222500_4407951432584596_2.0_clip_003.wav
16.330025,7.689581,healthy,20221117T042500_4407951432584596_2.0_clip_005.wav
10.227108,7.947622,healthy,20221116T145500_4407951432584596_2.0_clip_007.wav
15.028528,7.3239994,healthy,20221117T011500_4407951432584596_2.0_clip_011.wav
9.193887,10.418016,healthy,20221116T142500_4407951432584596_2.0_clip_010.wav
13.43424,8.897192,healthy,20221117T083500_4407951432584596_2.0_clip_007.wav
14.237723,6.383446,healthy,20221116T205500_4407951432584596_2.0_clip_012.wav
13.838609,5.6237507,healthy,20221116T192500_4407951432584596_2.0_clip_005.wav
9.224616,7.9355235,healthy,20221116T122500_4407951432584596_2.0_clip_002.wav
10.862533,8.180891,healthy,20221116T175500_4407951432584596_2.0_clip_006.wav
14.705291,9.324668,healthy,20221117T073500_4407951432584596_2.0_clip_009.wav
9.127431,7.8861666,healthy,20221116T154500_4407951432584596_2.0_clip_011.wav
14.488221,9.333713,healthy,20221117T071500_4407951432584596_2.0_clip_004.wav
13.528549,6.5758686,healthy,20221116T193500_4407951432584596_2.0_clip_001.wav
9.640247,10.102425,healthy,20221116T152500_4407951432584596_2.0_clip_003.wav
11.759205,9.141808,healthy,20221117T095500_4407951432584596_2.0_clip_004.wav
13.139461,7.4243045,healthy,20221116T191500_4407951432584596_2.0_clip_002.wav
9.35946,10.015164,healthy,20221116T142500_4407951432584596_2.0_clip_007.wav
9.311898,9.910444,healthy,20221116T154500_4407951432584596_2.0_clip_007.wav
14.378977,7.5518837,healthy,20221117T064500_4407951432584596_2.0_clip_001.wav
13.178857,6.194299,healthy,20221116T184500_4407951432584596_2.0_clip_007.wav
15.8125105,7.703504,healthy,20221117T022500_4407951432584596_2.0_clip_009.wav
16.138443,6.211927,healthy,20221116T232500_4407951432584596_2.0_clip_005.wav
13.601943,6.6001277,healthy,20221116T201500_4407951432584596_2.0_clip_003.wav
14.508926,5.2694154,healthy,20221117T072500_4407951432584596_2.0_clip_009.wav
14.332009,6.3645296,healthy,20221116T231500_4407951432584596_2.0_clip_010.wav
9.073182,9.868057,healthy,20221116T153500_4407951432584596_2.0_clip_003.wav
14.854648,8.126663,healthy,20221116T212500_4407951432584596_2.0_clip_004.wav
8.890472,8.525843,healthy,20221116T153500_4407951432584596_2.0_clip_010.wav
14.472609,6.084975,healthy,20221116T203500_4407951432584596_2.0_clip_007.wav
9.771761,7.763771,healthy,20221116T134500_4407951432584596_2.0_clip_008.wav
8.757381,9.619619,healthy,20221116T130500_4407951432584596_2.0_clip_005.wav
10.091426,7.8340187,healthy,20221117T111500_4407951432584596_2.0_clip_003.wav
12.699923,7.4957647,healthy,20221117T094500_4407951432584596_2.0_clip_004.wav
9.176091,9.639362,healthy,20221117T105500_4407951432584596_2.0_clip_012.wav
15.924974,8.62737,healthy,20221117T060500_4407951432584596_2.0_clip_009.wav
14.955691,7.7521424,healthy,20221117T033500_4407951432584596_2.0_clip_012.wav
16.106022,7.4539385,healthy,20221117T054500_4407951432584596_2.0_clip_001.wav
14.844564,9.090801,healthy,20221117T065500_4407951432584596_2.0_clip_012.wav
9.642904,7.6350904,healthy,20221116T175500_4407951432584596_2.0_clip_009.wav
14.313874,5.437268,healthy,20221117T032500_4407951432584596_2.0_clip_006.wav
14.485049,7.3057084,healthy,20221117T002500_4407951432584596_2.0_clip_005.wav
10.1736965,8.224962,healthy,20221116T154500_4407951432584596_2.0_clip_008.wav
8.960074,7.884133,healthy,20221116T171500_4407951432584596_2.0_clip_011.wav
9.485534,10.270541,healthy,20221116T152500_4407951432584596_2.0_clip_010.wav
10.889442,8.511,healthy,20221116T144500_4407951432584596_2.0_clip_012.wav
16.135117,7.8288884,healthy,20221117T023500_4407951432584596_2.0_clip_010.wav
14.27072,6.5635624,healthy,20221117T034500_4407951432584596_2.0_clip_005.wav
16.141863,7.3280106,healthy,20221116T222500_4407951432584596_2.0_clip_012.wav
14.758945,7.1012487,healthy,20221116T231500_4407951432584596_2.0_clip_003.wav
10.735494,8.073667,healthy,20221116T200500_4407951432584596_2.0_clip_008.wav
15.478436,8.2688055,healthy,20221117T040500_4407951432584596_2.0_clip_006.wav
15.194822,6.2774034,healthy,20221117T004500_4407951432584596_2.0_clip_002.wav
15.875474,8.866926,healthy,20221117T062500_4407951432584596_2.0_clip_001.wav
13.960109,5.8160515,healthy,20221116T195500_4407951432584596_2.0_clip_002.wav
13.848288,9.021273,healthy,20221117T094500_4407951432584596_2.0_clip_012.wav
8.948791,10.183957,healthy,20221116T154500_4407951432584596_2.0_clip_004.wav
9.115649,7.6576834,healthy,20221116T170500_4407951432584596_2.0_clip_005.wav
9.6784525,10.188208,healthy,20221116T163500_4407951432584596_2.0_clip_002.wav
10.304797,9.84076,healthy,20221117T101500_4407951432584596_2.0_clip_005.wav
9.421109,7.924176,healthy,20221116T155500_4407951432584596_2.0_clip_003.wav
9.467257,8.409439,healthy,20221116T132500_4407951432584596_2.0_clip_003.wav
15.057635,8.77586,healthy,20221117T064500_4407951432584596_2.0_clip_011.wav
12.9709215,8.278675,healthy,20221116T204500_4407951432584596_2.0_clip_009.wav
14.445262,8.996115,healthy,20221117T074500_4407951432584596_2.0_clip_008.wav
9.742878,9.730035,healthy,20221117T110500_4407951432584596_2.0_clip_011.wav
9.463298,9.42306,healthy,20221117T115500_4407951432584596_2.0_clip_007.wav
15.744719,5.6624627,healthy,20221116T190500_4407951432584596_2.0_clip_007.wav
10.0705385,8.058946,healthy,20221116T150500_4407951432584596_2.0_clip_007.wav
12.798009,7.9073706,healthy,20221116T192500_4407951432584596_2.0_clip_006.wav
15.392043,5.486597,healthy,20221117T023500_4407951432584596_2.0_clip_004.wav
14.759035,5.9434333,healthy,20221116T230500_4407951432584596_2.0_clip_004.wav
9.131353,9.265307,healthy,20221116T124500_4407951432584596_2.0_clip_008.wav
14.630661,9.224301,healthy,20221117T072500_4407951432584596_2.0_clip_005.wav
10.27986,8.82714,healthy,20221116T164500_4407951432584596_2.0_clip_010.wav
14.940811,5.9906754,healthy,20221117T014500_4407951432584596_2.0_clip_001.wav
13.479942,7.7105255,healthy,20221116T200500_4407951432584596_2.0_clip_009.wav
14.877839,5.7870145,healthy,20221117T004500_4407951432584596_2.0_clip_003.wav
10.203408,8.123509,healthy,20221116T155500_4407951432584596_2.0_clip_001.wav
14.619792,5.319519,healthy,20221117T010500_4407951432584596_2.0_clip_007.wav
15.652256,5.0856733,healthy,20221116T204500_4407951432584596_2.0_clip_007.wav
15.372548,8.6685095,healthy,20221117T052500_4407951432584596_2.0_clip_009.wav
14.0976515,9.059174,healthy,20221117T091500_4407951432584596_2.0_clip_011.wav
13.683664,5.8744097,healthy,20221116T195500_4407951432584596_2.0_clip_009.wav
16.606579,7.8207483,healthy,20221117T042500_4407951432584596_2.0_clip_008.wav
9.145592,9.42208,healthy,20221116T155500_4407951432584596_2.0_clip_006.wav
9.055569,10.361945,healthy,20221116T152500_4407951432584596_2.0_clip_008.wav
9.314874,10.261618,healthy,20221116T152500_4407951432584596_2.0_clip_011.wav
14.7686,9.150365,healthy,20221117T073500_4407951432584596_2.0_clip_003.wav
14.745926,5.8417306,healthy,20221116T203500_4407951432584596_2.0_clip_004.wav
15.814034,6.9673204,healthy,20221117T054500_4407951432584596_2.0_clip_005.wav
15.4359865,5.282146,healthy,20221117T034500_4407951432584596_2.0_clip_012.wav
9.29502,7.519888,healthy,20221117T101500_4407951432584596_2.0_clip_010.wav
8.513874,9.980142,healthy,20221116T160500_4407951432584596_2.0_clip_011.wav
8.892465,9.854231,healthy,20221117T114500_4407951432584596_2.0_clip_001.wav
15.287026,8.948945,healthy,20221117T071500_4407951432584596_2.0_clip_011.wav
14.857503,6.0803905,healthy,20221117T041500_4407951432584596_2.0_clip_011.wav
13.408918,6.1357718,healthy,20221117T090500_4407951432584596_2.0_clip_003.wav
15.076784,7.997117,healthy,20221116T191500_4407951432584596_2.0_clip_006.wav
14.344921,6.7113905,healthy,20221116T201500_4407951432584596_2.0_clip_007.wav
14.570156,8.094822,healthy,20221117T055500_4407951432584596_2.0_clip_008.wav
14.156301,5.467193,healthy,20221116T203500_4407951432584596_2.0_clip_001.wav
13.315908,6.776281,healthy,20221117T093500_4407951432584596_2.0_clip_009.wav
15.672516,6.530754,healthy,20221117T033500_4407951432584596_2.0_clip_011.wav
15.828576,8.70752,healthy,20221117T045500_4407951432584596_2.0_clip_002.wav
15.469594,8.82546,healthy,20221117T061500_4407951432584596_2.0_clip_009.wav
16.041805,6.533453,healthy,20221116T232500_4407951432584596_2.0_clip_001.wav
9.420022,9.800391,healthy,20221116T155500_4407951432584596_2.0_clip_004.wav
9.160337,9.19499,healthy,20221117T113500_4407951432584596_2.0_clip_011.wav
13.437155,8.5251255,healthy,20221117T055500_4407951432584596_2.0_clip_009.wav
9.067007,8.631158,healthy,20221116T135500_4407951432584596_2.0_clip_002.wav
15.369752,6.6239586,healthy,20221117T033500_4407951432584596_2.0_clip_001.wav
14.881379,9.030151,healthy,20221117T074500_4407951432584596_2.0_clip_007.wav
10.120964,9.488918,healthy,20221116T164500_4407951432584596_2.0_clip_003.wav
9.315644,9.950183,healthy,20221116T154500_4407951432584596_2.0_clip_002.wav
9.843485,8.908152,healthy,20221116T173500_4407951432584596_2.0_clip_011.wav
16.060963,6.4783792,healthy,20221117T002500_4407951432584596_2.0_clip_009.wav
14.647439,9.223113,healthy,20221117T075500_4407951432584596_2.0_clip_009.wav
8.561288,10.01406,healthy,20221116T135500_4407951432584596_2.0_clip_012.wav
12.23148,8.34036,healthy,20221116T181500_4407951432584596_2.0_clip_007.wav
15.762561,7.5925884,healthy,20221117T023500_4407951432584596_2.0_clip_007.wav
12.85683,6.274842,healthy,20221117T100500_4407951432584596_2.0_clip_003.wav
10.78244,8.688387,healthy,20221117T103500_4407951432584596_2.0_clip_011.wav
15.512583,5.634267,healthy,20221117T050500_4407951432584596_2.0_clip_007.wav
13.960057,5.8495603,healthy,20221116T212500_4407951432584596_2.0_clip_002.wav
15.556702,8.415428,healthy,20221116T211500_4407951432584596_2.0_clip_012.wav
10.105037,8.276975,healthy,20221117T114500_4407951432584596_2.0_clip_009.wav
10.741605,9.055726,healthy,20221116T175500_4407951432584596_2.0_clip_002.wav
16.110004,7.1684947,healthy,20221117T034500_4407951432584596_2.0_clip_002.wav
14.305608,9.239721,healthy,20221117T065500_4407951432584596_2.0_clip_002.wav
13.3086405,6.58697,healthy,20221116T205500_4407951432584596_2.0_clip_004.wav
9.873535,10.002484,healthy,20221117T112500_4407951432584596_2.0_clip_010.wav
14.037422,8.943778,healthy,20221117T090500_4407951432584596_2.0_clip_010.wav
15.467682,6.6577463,healthy,20221117T051500_4407951432584596_2.0_clip_004.wav
16.036575,7.9180164,healthy,20221117T015500_4407951432584596_2.0_clip_009.wav
16.694561,8.369262,healthy,20221117T061500_4407951432584596_2.0_clip_006.wav
8.911943,10.186834,healthy,20221116T160500_4407951432584596_2.0_clip_001.wav
15.751911,5.6082015,healthy,20221117T044500_4407951432584596_2.0_clip_005.wav
15.373067,7.6624904,healthy,20221117T041500_4407951432584596_2.0_clip_005.wav
8.955275,7.800109,healthy,20221116T134500_4407951432584596_2.0_clip_001.wav
13.928847,6.9143324,healthy,20221116T213500_4407951432584596_2.0_clip_008.wav
9.312099,8.553526,healthy,20221116T163500_4407951432584596_2.0_clip_006.wav
11.117397,8.286595,healthy,20221116T181500_4407951432584596_2.0_clip_001.wav
15.804174,7.1988273,healthy,20221117T002500_4407951432584596_2.0_clip_001.wav
8.652447,8.808528,healthy,20221117T113500_4407951432584596_2.0_clip_005.wav
9.319757,7.6094475,healthy,20221116T155500_4407951432584596_2.0_clip_009.wav
8.509744,10.036209,healthy,20221116T144500_4407951432584596_2.0_clip_002.wav
8.379667,9.781267,healthy,20221117T115500_4407951432584596_2.0_clip_004.wav
12.619416,7.1612015,healthy,20221116T180500_4407951432584596_2.0_clip_009.wav
15.512643,6.363559,healthy,20221117T073500_4407951432584596_2.0_clip_011.wav
13.681706,6.3817773,healthy,20221117T053500_4407951432584596_2.0_clip_005.wav
13.436156,7.5831885,healthy,20221116T231500_4407951432584596_2.0_clip_008.wav
8.634442,10.10471,healthy,20221116T141500_4407951432584596_2.0_clip_012.wav
10.0058155,8.015772,healthy,20221117T114500_4407951432584596_2.0_clip_010.wav
13.54661,9.31767,healthy,20221117T095500_4407951432584596_2.0_clip_008.wav
10.336213,8.724334,healthy,20221116T132500_4407951432584596_2.0_clip_010.wav
10.5838995,8.243228,healthy,20221116T172500_4407951432584596_2.0_clip_003.wav
15.126623,9.282907,healthy,20221117T070500_4407951432584596_2.0_clip_007.wav
14.145088,7.6904497,healthy,20221116T211500_4407951432584596_2.0_clip_007.wav
14.680388,5.7082195,healthy,20221117T053500_4407951432584596_2.0_clip_009.wav
16.015938,6.566318,healthy,20221117T005500_4407951432584596_2.0_clip_006.wav
9.348109,8.31082,healthy,20221116T163500_4407951432584596_2.0_clip_009.wav
13.348034,6.3595967,healthy,20221116T224500_4407951432584596_2.0_clip_011.wav
10.21678,8.913476,healthy,20221117T102500_4407951432584596_2.0_clip_011.wav
14.085525,7.968681,healthy,20221116T210500_4407951432584596_2.0_clip_006.wav
9.388175,9.186408,healthy,20221116T133500_4407951432584596_2.0_clip_007.wav
15.183933,5.2642994,healthy,20221116T193500_4407951432584596_2.0_clip_009.wav
11.077826,9.525357,healthy,20221116T120500_4407951432584596_2.0_clip_008.wav
15.19598,6.8598747,healthy,20221116T225500_4407951432584596_2.0_clip_005.wav
9.596918,8.166794,healthy,20221116T171500_4407951432584596_2.0_clip_006.wav
9.699103,9.4349985,healthy,20221117T110500_4407951432584596_2.0_clip_008.wav
9.081834,8.742148,healthy,20221117T110500_4407951432584596_2.0_clip_003.wav
14.37095,7.962069,healthy,20221116T191500_4407951432584596_2.0_clip_009.wav
13.957247,7.4228106,healthy,20221116T213500_4407951432584596_2.0_clip_006.wav
16.505602,7.90462,healthy,20221117T022500_4407951432584596_2.0_clip_003.wav
15.82187,6.694588,healthy,20221117T021500_4407951432584596_2.0_clip_010.wav
12.737345,7.986082,healthy,20221116T185500_4407951432584596_2.0_clip_008.wav
9.744804,8.58974,healthy,20221116T142500_4407951432584596_2.0_clip_004.wav
14.388369,5.7651434,healthy,20221116T222500_4407951432584596_2.0_clip_006.wav
14.469662,6.9563227,healthy,20221116T225500_4407951432584596_2.0_clip_004.wav
9.96871,8.5261965,healthy,20221117T102500_4407951432584596_2.0_clip_004.wav
16.286861,7.9421215,healthy,20221117T032500_4407951432584596_2.0_clip_008.wav
15.603947,7.9053426,healthy,20221117T021500_4407951432584596_2.0_clip_007.wav
9.823796,8.786575,healthy,20221116T132500_4407951432584596_2.0_clip_007.wav
10.982313,8.968342,healthy,20221116T172500_4407951432584596_2.0_clip_012.wav
15.952251,7.8984795,healthy,20221117T005500_4407951432584596_2.0_clip_012.wav
16.358934,6.689263,healthy,20221117T063500_4407951432584596_2.0_clip_011.wav
14.627676,7.1878676,healthy,20221117T060500_4407951432584596_2.0_clip_010.wav
16.199137,7.9076757,healthy,20221116T202500_4407951432584596_2.0_clip_002.wav
9.537093,10.290877,healthy,20221116T150500_4407951432584596_2.0_clip_010.wav
14.684345,7.074004,healthy,20221117T020500_4407951432584596_2.0_clip_005.wav
15.522038,8.623252,healthy,20221117T060500_4407951432584596_2.0_clip_007.wav
15.313519,7.9566064,healthy,20221117T015500_4407951432584596_2.0_clip_012.wav
8.533257,10.033768,healthy,20221117T115500_4407951432584596_2.0_clip_011.wav
14.926378,5.1411943,healthy,20221116T234500_4407951432584596_2.0_clip_006.wav
15.48288,7.808215,healthy,20221117T052500_4407951432584596_2.0_clip_008.wav
8.9857235,10.149437,healthy,20221117T115500_4407951432584596_2.0_clip_001.wav
14.427898,5.3351703,healthy,20221116T222500_4407951432584596_2.0_clip_001.wav
9.273939,9.799848,healthy,20221116T131500_4407951432584596_2.0_clip_003.wav
15.068235,5.520039,healthy,20221116T232500_4407951432584596_2.0_clip_006.wav
14.799359,5.678491,healthy,20221117T045500_4407951432584596_2.0_clip_010.wav
15.712728,5.7233315,healthy,20221117T005500_4407951432584596_2.0_clip_009.wav
13.795869,6.7054577,healthy,20221116T194500_4407951432584596_2.0_clip_002.wav
9.823401,9.0440445,healthy,20221116T121500_4407951432584596_2.0_clip_003.wav
13.632501,9.436145,healthy,20221117T094500_4407951432584596_2.0_clip_007.wav
15.749024,5.2393236,healthy,20221117T001500_4407951432584596_2.0_clip_004.wav
8.911799,9.456287,healthy,20221117T120500_4407951432584596_2.0_clip_011.wav
15.558207,8.790438,healthy,20221117T055500_4407951432584596_2.0_clip_002.wav
16.41003,6.952638,healthy,20221117T063500_4407951432584596_2.0_clip_009.wav
12.428692,7.413827,healthy,20221117T100500_4407951432584596_2.0_clip_006.wav
15.407939,8.945993,healthy,20221117T054500_4407951432584596_2.0_clip_008.wav
14.770933,7.4117794,healthy,20221117T052500_4407951432584596_2.0_clip_007.wav
16.460218,6.848401,healthy,20221117T012500_4407951432584596_2.0_clip_009.wav
9.5116005,9.6353855,healthy,20221116T121500_4407951432584596_2.0_clip_002.wav
16.50376,7.836704,healthy,20221117T043500_4407951432584596_2.0_clip_011.wav
13.05041,8.271606,healthy,20221116T195500_4407951432584596_2.0_clip_011.wav
9.745802,8.578602,healthy,20221116T150500_4407951432584596_2.0_clip_004.wav
15.104906,7.245975,healthy,20221117T042500_4407951432584596_2.0_clip_010.wav
13.75693,5.9929647,healthy,20221116T204500_4407951432584596_2.0_clip_002.wav
15.783854,9.00226,healthy,20221117T062500_4407951432584596_2.0_clip_007.wav
16.82508,8.336689,healthy,20221117T031500_4407951432584596_2.0_clip_006.wav
14.261779,6.766248,healthy,20221116T212500_4407951432584596_2.0_clip_006.wav
13.392607,6.1969514,healthy,20221116T200500_4407951432584596_2.0_clip_003.wav
14.518075,8.44526,healthy,20221117T063500_4407951432584596_2.0_clip_008.wav
15.038495,7.779022,healthy,20221117T012500_4407951432584596_2.0_clip_007.wav
10.397134,8.567513,healthy,20221116T132500_4407951432584596_2.0_clip_004.wav
15.669376,5.8555017,healthy,20221116T213500_4407951432584596_2.0_clip_004.wav
16.270578,6.596518,healthy,20221117T034500_4407951432584596_2.0_clip_006.wav
13.448546,9.368647,healthy,20221117T110500_4407951432584596_2.0_clip_010.wav
15.852736,7.8792067,healthy,20221116T235500_4407951432584596_2.0_clip_012.wav
12.716701,7.9532866,healthy,20221116T190500_4407951432584596_2.0_clip_002.wav
16.709034,8.222163,healthy,20221117T041500_4407951432584596_2.0_clip_002.wav
15.417287,5.2054954,healthy,20221117T024500_4407951432584596_2.0_clip_004.wav
12.962104,7.788986,healthy,20221116T185500_4407951432584596_2.0_clip_009.wav
15.806673,5.226355,healthy,20221117T005500_4407951432584596_2.0_clip_008.wav
8.550724,9.427045,healthy,20221116T171500_4407951432584596_2.0_clip_007.wav
8.713822,10.321226,healthy,20221116T152500_4407951432584596_2.0_clip_001.wav
16.085245,6.401895,healthy,20221117T054500_4407951432584596_2.0_clip_010.wav
13.364788,7.5001116,healthy,20221116T195500_4407951432584596_2.0_clip_001.wav
15.059895,7.015035,healthy,20221117T032500_4407951432584596_2.0_clip_002.wav
8.5128565,10.040742,healthy,20221116T165500_4407951432584596_2.0_clip_006.wav
11.297092,8.416878,healthy,20221116T174500_4407951432584596_2.0_clip_011.wav
15.805527,7.90509,healthy,20221117T042500_4407951432584596_2.0_clip_012.wav
8.832919,9.59017,healthy,20221116T160500_4407951432584596_2.0_clip_003.wav
15.689778,5.491667,healthy,20221117T040500_4407951432584596_2.0_clip_001.wav
10.110022,10.157316,healthy,20221117T110500_4407951432584596_2.0_clip_001.wav
15.636401,7.5091414,healthy,20221117T011500_4407951432584596_2.0_clip_006.wav
11.039858,9.497491,healthy,20221116T173500_4407951432584596_2.0_clip_001.wav
15.569036,6.143337,healthy,20221117T035500_4407951432584596_2.0_clip_010.wav
13.809542,9.174115,healthy,20221117T093500_4407951432584596_2.0_clip_002.wav
9.035316,9.328862,healthy,20221116T123500_4407951432584596_2.0_clip_006.wav
12.846781,7.805977,healthy,20221116T182500_4407951432584596_2.0_clip_010.wav
10.301025,7.9595165,healthy,20221117T104500_4407951432584596_2.0_clip_012.wav
15.124651,5.9359336,healthy,20221116T211500_4407951432584596_2.0_clip_010.wav
8.855159,7.6297035,healthy,20221117T114500_4407951432584596_2.0_clip_012.wav
9.621552,8.156838,healthy,20221117T115500_4407951432584596_2.0_clip_009.wav
9.009538,10.263961,healthy,20221116T153500_4407951432584596_2.0_clip_005.wav
8.39951,9.900076,healthy,20221116T131500_4407951432584596_2.0_clip_001.wav
16.225325,5.749457,healthy,20221117T041500_4407951432584596_2.0_clip_007.wav
16.069384,7.863837,healthy,20221117T033500_4407951432584596_2.0_clip_004.wav
9.269866,8.282713,healthy,20221117T104500_4407951432584596_2.0_clip_007.wav
9.431025,8.141987,healthy,20221116T135500_4407951432584596_2.0_clip_008.wav
15.339529,7.1246476,healthy,20221117T031500_4407951432584596_2.0_clip_001.wav
14.575397,6.754097,healthy,20221116T221500_4407951432584596_2.0_clip_006.wav
9.112337,7.566011,healthy,20221117T110500_4407951432584596_2.0_clip_002.wav
9.224154,9.298425,healthy,20221117T120500_4407951432584596_2.0_clip_006.wav
9.938319,8.201492,healthy,20221117T104500_4407951432584596_2.0_clip_009.wav
9.286962,9.641828,healthy,20221116T164500_4407951432584596_2.0_clip_004.wav
14.179371,7.3089314,healthy,20221117T074500_4407951432584596_2.0_clip_003.wav
9.44412,10.149469,healthy,20221116T142500_4407951432584596_2.0_clip_008.wav
14.398999,6.929744,healthy,20221117T052500_4407951432584596_2.0_clip_001.wav
9.391586,9.824551,healthy,20221116T151500_4407951432584596_2.0_clip_001.wav
15.970563,8.6692705,healthy,20221117T073500_4407951432584596_2.0_clip_007.wav
16.055017,6.140208,healthy,20221117T041500_4407951432584596_2.0_clip_003.wav
13.301247,6.8032513,healthy,20221116T185500_4407951432584596_2.0_clip_005.wav
15.261437,5.8153577,healthy,20221117T030500_4407951432584596_2.0_clip_003.wav
15.164321,7.559525,healthy,20221117T051500_4407951432584596_2.0_clip_006.wav
14.442723,5.7127056,healthy,20221117T082500_4407951432584596_2.0_clip_012.wav
16.0599,7.822993,healthy,20221117T003500_4407951432584596_2.0_clip_008.wav
15.662401,5.6185884,healthy,20221116T235500_4407951432584596_2.0_clip_006.wav
8.929681,8.342258,healthy,20221116T141500_4407951432584596_2.0_clip_006.wav
15.0587845,8.641759,healthy,20221117T062500_4407951432584596_2.0_clip_005.wav
15.132772,6.29165,healthy,20221117T012500_4407951432584596_2.0_clip_008.wav
8.9614525,9.300477,healthy,20221117T105500_4407951432584596_2.0_clip_010.wav
16.510565,7.9239316,healthy,20221117T004500_4407951432584596_2.0_clip_005.wav
14.733594,5.8538046,healthy,20221116T232500_4407951432584596_2.0_clip_011.wav
16.605597,7.0581026,healthy,20221116T191500_4407951432584596_2.0_clip_007.wav
11.099549,9.114599,healthy,20221116T174500_4407951432584596_2.0_clip_010.wav
14.885449,7.1868224,healthy,20221116T224500_4407951432584596_2.0_clip_012.wav
15.255358,6.449454,healthy,20221117T070500_4407951432584596_2.0_clip_002.wav
14.250715,6.784203,healthy,20221117T004500_4407951432584596_2.0_clip_008.wav
15.842056,5.340569,healthy,20221116T213500_4407951432584596_2.0_clip_003.wav
13.837379,5.868253,healthy,20221116T184500_4407951432584596_2.0_clip_006.wav
13.742001,7.356322,healthy,20221116T191500_4407951432584596_2.0_clip_004.wav
8.608583,10.027634,healthy,20221116T122500_4407951432584596_2.0_clip_004.wav
16.653624,6.705229,healthy,20221117T020500_4407951432584596_2.0_clip_001.wav
8.814204,9.707424,healthy,20221116T145500_4407951432584596_2.0_clip_001.wav
15.235444,7.028979,healthy,20221117T064500_4407951432584596_2.0_clip_007.wav
8.55974,9.156192,healthy,20221116T131500_4407951432584596_2.0_clip_005.wav
15.529815,6.699643,healthy,20221117T082500_4407951432584596_2.0_clip_001.wav
10.353109,9.614932,healthy,20221116T170500_4407951432584596_2.0_clip_001.wav
13.417448,5.792638,healthy,20221116T182500_4407951432584596_2.0_clip_006.wav
15.601488,6.1090674,healthy,20221117T025500_4407951432584596_2.0_clip_001.wav
15.982032,6.6067967,healthy,20221117T065500_4407951432584596_2.0_clip_008.wav
14.419908,5.722113,healthy,20221116T221500_4407951432584596_2.0_clip_002.wav
11.449481,8.224845,healthy,20221116T180500_4407951432584596_2.0_clip_004.wav
15.917581,7.542661,healthy,20221117T050500_4407951432584596_2.0_clip_004.wav
13.954582,8.250024,healthy,20221117T081500_4407951432584596_2.0_clip_005.wav
8.920009,9.142967,healthy,20221116T153500_4407951432584596_2.0_clip_006.wav
15.212592,8.481083,healthy,20221117T070500_4407951432584596_2.0_clip_008.wav
8.265606,9.701678,healthy,20221116T131500_4407951432584596_2.0_clip_004.wav
13.227609,6.600241,healthy,20221116T185500_4407951432584596_2.0_clip_003.wav
15.273441,8.633922,healthy,20221117T062500_4407951432584596_2.0_clip_004.wav
13.675089,6.4984417,healthy,20221117T090500_4407951432584596_2.0_clip_002.wav
14.835358,7.106852,healthy,20221117T023500_4407951432584596_2.0_clip_006.wav
9.056927,9.20055,healthy,20221116T153500_4407951432584596_2.0_clip_008.wav
14.908654,6.6206512,healthy,20221117T054500_4407951432584596_2.0_clip_002.wav
15.273599,5.9203153,healthy,20221117T044500_4407951432584596_2.0_clip_001.wav
13.137832,6.570842,healthy,20221116T185500_4407951432584596_2.0_clip_007.wav
13.728834,8.713377,healthy,20221117T091500_4407951432584596_2.0_clip_007.wav
14.118951,9.236567,healthy,20221117T090500_4407951432584596_2.0_clip_007.wav
9.673227,8.546889,healthy,20221117T120500_4407951432584596_2.0_clip_002.wav
14.54636,6.918473,healthy,20221117T014500_4407951432584596_2.0_clip_009.wav
9.420395,9.144761,healthy,20221117T120500_4407951432584596_2.0_clip_012.wav
13.349508,7.1170506,healthy,20221116T214500_4407951432584596_2.0_clip_003.wav
10.265224,9.022854,healthy,20221116T120500_4407951432584596_2.0_clip_011.wav
13.628432,5.9271,healthy,20221116T214500_4407951432584596_2.0_clip_004.wav
13.231884,6.776721,healthy,20221116T190500_4407951432584596_2.0_clip_003.wav
9.11816,10.302226,healthy,20221116T144500_4407951432584596_2.0_clip_008.wav
14.265448,6.013757,healthy,20221116T214500_4407951432584596_2.0_clip_005.wav
11.051243,8.355017,healthy,20221116T181500_4407951432584596_2.0_clip_003.wav
13.205411,7.503896,healthy,20221116T214500_4407951432584596_2.0_clip_002.wav
9.247339,7.59311,healthy,20221116T173500_4407951432584596_2.0_clip_007.wav
16.04033,6.7313023,healthy,20221117T064500_4407951432584596_2.0_clip_003.wav
16.631142,6.795708,healthy,20221117T014500_4407951432584596_2.0_clip_007.wav
8.394556,9.790727,healthy,20221116T161500_4407951432584596_2.0_clip_005.wav
10.297263,8.365612,healthy,20221116T162500_4407951432584596_2.0_clip_008.wav
15.929394,8.353379,healthy,20221117T072500_4407951432584596_2.0_clip_002.wav
13.567606,8.105608,healthy,20221116T192500_4407951432584596_2.0_clip_010.wav
16.435984,7.6488323,healthy,20221117T042500_4407951432584596_2.0_clip_001.wav
16.040218,8.12618,healthy,20221117T060500_4407951432584596_2.0_clip_003.wav
15.023855,7.5976386,healthy,20221117T000500_4407951432584596_2.0_clip_001.wav
9.502296,7.650699,healthy,20221116T134500_4407951432584596_2.0_clip_007.wav
15.981481,6.0394077,healthy,20221116T224500_4407951432584596_2.0_clip_007.wav
8.93187,7.8064237,healthy,20221116T150500_4407951432584596_2.0_clip_009.wav
13.603862,6.936324,healthy,20221116T203500_4407951432584596_2.0_clip_010.wav
9.03102,8.69846,healthy,20221116T161500_4407951432584596_2.0_clip_001.wav
16.690382,7.787213,healthy,20221117T040500_4407951432584596_2.0_clip_010.wav
16.001072,7.112705,healthy,20221116T232500_4407951432584596_2.0_clip_009.wav
9.389538,9.713369,healthy,20221117T112500_4407951432584596_2.0_clip_001.wav
14.726047,7.577245,healthy,20221116T215500_4407951432584596_2.0_clip_006.wav
15.097043,7.6081586,healthy,20221116T233500_4407951432584596_2.0_clip_001.wav
15.839896,8.243026,healthy,20221117T021500_4407951432584596_2.0_clip_009.wav
14.533785,7.166341,healthy,20221117T032500_4407951432584596_2.0_clip_005.wav
14.888885,9.316322,healthy,20221117T071500_4407951432584596_2.0_clip_009.wav
13.251087,9.131546,healthy,20221117T095500_4407951432584596_2.0_clip_011.wav
9.746819,7.788314,healthy,20221116T124500_4407951432584596_2.0_clip_011.wav
13.893625,9.087924,healthy,20221117T090500_4407951432584596_2.0_clip_012.wav
14.7677555,5.0583534,healthy,20221116T194500_4407951432584596_2.0_clip_004.wav
9.254495,7.849462,healthy,20221116T165500_4407951432584596_2.0_clip_003.wav
16.04231,6.530647,healthy,20221116T223500_4407951432584596_2.0_clip_006.wav
9.896098,9.198374,healthy,20221117T115500_4407951432584596_2.0_clip_003.wav
14.910497,7.946582,healthy,20221117T012500_4407951432584596_2.0_clip_012.wav
14.730523,7.9369173,healthy,20221116T221500_4407951432584596_2.0_clip_009.wav
13.949521,9.21435,healthy,20221117T092500_4407951432584596_2.0_clip_001.wav
9.472138,9.168519,healthy,20221117T105500_4407951432584596_2.0_clip_005.wav
8.6890545,9.874415,healthy,20221116T122500_4407951432584596_2.0_clip_005.wav
13.926033,5.7175145,healthy,20221116T231500_4407951432584596_2.0_clip_001.wav
14.258665,6.1393685,healthy,20221116T230500_4407951432584596_2.0_clip_006.wav
9.542593,9.061414,healthy,20221117T110500_4407951432584596_2.0_clip_012.wav
14.273222,6.529283,healthy,20221117T003500_4407951432584596_2.0_clip_003.wav
14.397226,5.734503,healthy,20221116T232500_4407951432584596_2.0_clip_002.wav
14.418197,7.9271708,healthy,20221116T211500_4407951432584596_2.0_clip_008.wav
9.661535,10.332469,healthy,20221116T165500_4407951432584596_2.0_clip_008.wav
9.248508,9.916355,healthy,20221117T115500_4407951432584596_2.0_clip_008.wav
10.991142,9.3494215,healthy,20221116T180500_4407951432584596_2.0_clip_005.wav
9.170247,8.69334,healthy,20221116T160500_4407951432584596_2.0_clip_005.wav
8.970326,7.6628265,healthy,20221117T113500_4407951432584596_2.0_clip_007.wav
10.599009,8.383477,healthy,20221116T174500_4407951432584596_2.0_clip_008.wav
13.95234,7.42346,healthy,20221116T192500_4407951432584596_2.0_clip_001.wav
14.597018,7.620928,healthy,20221116T222500_4407951432584596_2.0_clip_005.wav
8.962127,10.177197,healthy,20221116T151500_4407951432584596_2.0_clip_007.wav
13.009477,7.903616,healthy,20221116T194500_4407951432584596_2.0_clip_011.wav
9.4428005,8.369883,healthy,20221116T131500_4407951432584596_2.0_clip_007.wav
10.264812,9.275494,healthy,20221116T140500_4407951432584596_2.0_clip_004.wav
11.173602,8.432993,healthy,20221116T174500_4407951432584596_2.0_clip_012.wav
9.969038,9.078049,healthy,20221117T103500_4407951432584596_2.0_clip_012.wav
9.102652,7.640821,healthy,20221116T145500_4407951432584596_2.0_clip_005.wav
9.214807,7.694342,healthy,20221117T112500_4407951432584596_2.0_clip_008.wav
15.851479,6.738626,healthy,20221117T000500_4407951432584596_2.0_clip_007.wav
15.456997,7.2948318,healthy,20221116T230500_4407951432584596_2.0_clip_002.wav
10.048273,8.535444,healthy,20221117T104500_4407951432584596_2.0_clip_002.wav
16.647678,7.871355,healthy,20221117T042500_4407951432584596_2.0_clip_006.wav
9.265635,8.521647,healthy,20221116T144500_4407951432584596_2.0_clip_004.wav
9.660847,9.063925,healthy,20221116T135500_4407951432584596_2.0_clip_007.wav
16.70333,6.6996775,healthy,20221117T014500_4407951432584596_2.0_clip_002.wav
16.333845,8.15176,healthy,20221117T053500_4407951432584596_2.0_clip_010.wav
12.495904,9.092527,healthy,20221117T072500_4407951432584596_2.0_clip_011.wav
14.580532,7.8567586,healthy,20221116T232500_4407951432584596_2.0_clip_003.wav
15.175809,9.008474,healthy,20221117T070500_4407951432584596_2.0_clip_012.wav
15.480691,7.8731313,healthy,20221117T030500_4407951432584596_2.0_clip_004.wav
13.531846,8.818187,healthy,20221117T084500_4407951432584596_2.0_clip_010.wav
13.231625,7.9510965,healthy,20221116T223500_4407951432584596_2.0_clip_010.wav
8.512602,9.42351,healthy,20221116T161500_4407951432584596_2.0_clip_002.wav
14.4548855,5.589117,healthy,20221116T201500_4407951432584596_2.0_clip_004.wav
9.686335,9.788564,healthy,20221116T130500_4407951432584596_2.0_clip_012.wav
15.118971,5.811313,healthy,20221116T185500_4407951432584596_2.0_clip_012.wav
10.704575,8.251304,healthy,20221116T180500_4407951432584596_2.0_clip_003.wav
11.351807,8.456076,healthy,20221116T181500_4407951432584596_2.0_clip_010.wav
9.549258,10.237376,healthy,20221116T125500_4407951432584596_2.0_clip_002.wav
15.530498,6.0131683,healthy,20221117T020500_4407951432584596_2.0_clip_012.wav
8.576748,10.099681,healthy,20221116T151500_4407951432584596_2.0_clip_010.wav
9.638583,8.145996,healthy,20221116T140500_4407951432584596_2.0_clip_003.wav
9.354346,10.44148,healthy,20221116T164500_4407951432584596_2.0_clip_012.wav
10.14321,9.071986,healthy,20221116T140500_4407951432584596_2.0_clip_009.wav
15.563774,8.365472,healthy,20221117T063500_4407951432584596_2.0_clip_001.wav
16.158289,7.2534456,healthy,20221117T012500_4407951432584596_2.0_clip_010.wav
15.144722,7.702673,healthy,20221117T015500_4407951432584596_2.0_clip_004.wav
15.947593,8.708725,healthy,20221117T070500_4407951432584596_2.0_clip_001.wav
14.490618,6.26045,healthy,20221117T045500_4407951432584596_2.0_clip_003.wav
14.485859,7.020926,healthy,20221117T064500_4407951432584596_2.0_clip_006.wav
9.493908,8.7354555,healthy,20221116T140500_4407951432584596_2.0_clip_002.wav
9.448794,8.598409,healthy,20221117T105500_4407951432584596_2.0_clip_003.wav
9.699454,8.559716,healthy,20221116T154500_4407951432584596_2.0_clip_006.wav
8.540277,9.494801,healthy,20221116T151500_4407951432584596_2.0_clip_009.wav
15.260337,7.585082,healthy,20221117T023500_4407951432584596_2.0_clip_011.wav
9.187206,9.583724,healthy,20221117T112500_4407951432584596_2.0_clip_011.wav
14.681017,7.11715,healthy,20221117T030500_4407951432584596_2.0_clip_001.wav
14.8784685,7.279313,healthy,20221117T002500_4407951432584596_2.0_clip_010.wav
9.536074,9.604834,healthy,20221116T155500_4407951432584596_2.0_clip_002.wav
13.554289,7.958827,healthy,20221116T223500_4407951432584596_2.0_clip_009.wav
14.664069,5.2606754,healthy,20221117T010500_4407951432584596_2.0_clip_006.wav
10.146507,8.133634,healthy,20221116T140500_4407951432584596_2.0_clip_006.wav
10.352515,10.051974,healthy,20221116T180500_4407951432584596_2.0_clip_010.wav
16.569714,7.8108964,healthy,20221117T040500_4407951432584596_2.0_clip_003.wav
15.326914,6.2174225,healthy,20221117T002500_4407951432584596_2.0_clip_003.wav
9.112851,9.530108,healthy,20221117T114500_4407951432584596_2.0_clip_007.wav
14.315982,5.94936,healthy,20221116T225500_4407951432584596_2.0_clip_001.wav
15.231821,5.5813923,healthy,20221116T202500_4407951432584596_2.0_clip_005.wav
9.048247,9.41836,healthy,20221116T135500_4407951432584596_2.0_clip_003.wav
11.090787,8.076589,healthy,20221116T192500_4407951432584596_2.0_clip_003.wav
9.105566,10.397582,healthy,20221116T151500_4407951432584596_2.0_clip_012.wav
13.755637,7.49442,healthy,20221117T085500_4407951432584596_2.0_clip_007.wav
14.369344,8.217071,healthy,20221116T225500_4407951432584596_2.0_clip_011.wav
9.142581,7.4682975,healthy,20221117T101500_4407951432584596_2.0_clip_003.wav
15.020143,9.211903,healthy,20221117T085500_4407951432584596_2.0_clip_008.wav
11.534162,8.701964,healthy,20221116T181500_4407951432584596_2.0_clip_008.wav
13.01775,7.94123,healthy,20221116T193500_4407951432584596_2.0_clip_007.wav
15.111859,6.5879135,healthy,20221116T232500_4407951432584596_2.0_clip_010.wav
8.456725,9.9924345,healthy,20221116T125500_4407951432584596_2.0_clip_012.wav
9.5875635,9.447324,healthy,20221117T103500_4407951432584596_2.0_clip_006.wav
9.570364,8.598742,healthy,20221116T163500_4407951432584596_2.0_clip_011.wav
15.556645,7.604802,healthy,20221117T053500_4407951432584596_2.0_clip_002.wav
14.944267,7.182945,healthy,20221117T042500_4407951432584596_2.0_clip_003.wav
16.176605,6.0480647,healthy,20221117T022500_4407951432584596_2.0_clip_005.wav
11.020373,9.256823,healthy,20221116T180500_4407951432584596_2.0_clip_006.wav
9.209975,10.327189,healthy,20221116T152500_4407951432584596_2.0_clip_009.wav
9.263009,8.0977955,healthy,20221116T130500_4407951432584596_2.0_clip_001.wav
8.55963,9.554949,healthy,20221117T105500_4407951432584596_2.0_clip_002.wav
16.379696,6.825553,healthy,20221116T234500_4407951432584596_2.0_clip_008.wav
14.069755,6.188236,healthy,20221116T225500_4407951432584596_2.0_clip_012.wav
14.302876,7.199507,healthy,20221116T220500_4407951432584596_2.0_clip_005.wav
16.090416,6.4666524,healthy,20221117T043500_4407951432584596_2.0_clip_002.wav
9.490979,8.587921,healthy,20221117T110500_4407951432584596_2.0_clip_005.wav
14.474546,6.288852,healthy,20221116T224500_4407951432584596_2.0_clip_010.wav
16.205019,8.035973,healthy,20221117T021500_4407951432584596_2.0_clip_011.wav
14.355851,7.1675014,healthy,20221116T230500_4407951432584596_2.0_clip_009.wav
13.074268,6.5141163,healthy,20221116T185500_4407951432584596_2.0_clip_002.wav
13.584886,6.9128776,healthy,20221116T202500_4407951432584596_2.0_clip_007.wav
12.774503,7.9167604,healthy,20221116T184500_4407951432584596_2.0_clip_010.wav
11.009038,9.252472,healthy,20221116T180500_4407951432584596_2.0_clip_008.wav
8.71837,9.486285,healthy,20221116T154500_4407951432584596_2.0_clip_009.wav
14.509497,7.046567,healthy,20221117T041500_4407951432584596_2.0_clip_001.wav
9.2874365,8.032352,healthy,20221116T174500_4407951432584596_2.0_clip_006.wav
16.144608,6.2731633,healthy,20221116T234500_4407951432584596_2.0_clip_004.wav
13.51502,5.870127,healthy,20221116T183500_4407951432584596_2.0_clip_011.wav
13.9682045,8.66725,healthy,20221117T090500_4407951432584596_2.0_clip_011.wav
13.920557,7.3729186,healthy,20221116T211500_4407951432584596_2.0_clip_005.wav
14.22052,7.376879,healthy,20221117T094500_4407951432584596_2.0_clip_005.wav
8.452805,9.828268,healthy,20221116T133500_4407951432584596_2.0_clip_003.wav
15.596179,7.8290577,healthy,20221116T223500_4407951432584596_2.0_clip_005.wav
14.635935,6.408372,healthy,20221117T051500_4407951432584596_2.0_clip_010.wav
15.429395,8.636854,healthy,20221117T075500_4407951432584596_2.0_clip_008.wav
14.720379,9.243889,healthy,20221117T072500_4407951432584596_2.0_clip_001.wav
11.037721,9.267586,healthy,20221116T180500_4407951432584596_2.0_clip_007.wav
8.491781,9.332848,healthy,20221117T120500_4407951432584596_2.0_clip_003.wav
14.771787,6.1365523,healthy,20221116T230500_4407951432584596_2.0_clip_007.wav
9.6315565,8.0355625,healthy,20221116T124500_4407951432584596_2.0_clip_001.wav
13.512387,6.429182,healthy,20221117T090500_4407951432584596_2.0_clip_001.wav
10.228804,9.184244,healthy,20221117T102500_4407951432584596_2.0_clip_009.wav
13.662015,6.81932,healthy,20221116T202500_4407951432584596_2.0_clip_001.wav
10.321429,9.826072,healthy,20221117T095500_4407951432584596_2.0_clip_007.wav
13.258301,6.252445,healthy,20221116T185500_4407951432584596_2.0_clip_011.wav
15.049804,7.063136,healthy,20221117T001500_4407951432584596_2.0_clip_007.wav
15.049912,8.595787,healthy,20221117T065500_4407951432584596_2.0_clip_010.wav
13.649472,6.651847,healthy,20221116T212500_4407951432584596_2.0_clip_011.wav
9.687307,9.018789,healthy,20221116T165500_4407951432584596_2.0_clip_009.wav
9.944455,9.060414,healthy,20221116T170500_4407951432584596_2.0_clip_012.wav
9.218662,8.120221,healthy,20221117T105500_4407951432584596_2.0_clip_006.wav
15.932029,7.6048665,healthy,20221117T041500_4407951432584596_2.0_clip_012.wav
14.488705,8.188521,healthy,20221117T031500_4407951432584596_2.0_clip_002.wav
14.118175,7.0269637,healthy,20221116T214500_4407951432584596_2.0_clip_011.wav
9.977067,9.1482525,healthy,20221116T170500_4407951432584596_2.0_clip_003.wav
9.701087,9.512616,healthy,20221117T114500_4407951432584596_2.0_clip_005.wav
15.913327,7.633291,healthy,20221117T030500_4407951432584596_2.0_clip_002.wav
15.591504,7.3441267,healthy,20221117T065500_4407951432584596_2.0_clip_006.wav
15.258972,8.1194,healthy,20221117T025500_4407951432584596_2.0_clip_011.wav
14.487335,7.5888124,healthy,20221116T205500_4407951432584596_2.0_clip_003.wav
13.915749,6.311616,healthy,20221117T071500_4407951432584596_2.0_clip_005.wav
9.701952,8.866192,healthy,20221116T120500_4407951432584596_2.0_clip_012.wav
9.07007,10.397945,healthy,20221116T142500_4407951432584596_2.0_clip_005.wav
13.532253,7.4163694,healthy,20221116T190500_4407951432584596_2.0_clip_005.wav
13.302313,9.162304,healthy,20221117T082500_4407951432584596_2.0_clip_007.wav
15.175649,6.669573,healthy,20221117T015500_4407951432584596_2.0_clip_006.wav
10.304104,8.118647,healthy,20221116T132500_4407951432584596_2.0_clip_002.wav
15.418537,8.903011,healthy,20221117T085500_4407951432584596_2.0_clip_012.wav
14.281328,7.080921,healthy,20221116T221500_4407951432584596_2.0_clip_007.wav
14.386528,6.94402,healthy,20221117T081500_4407951432584596_2.0_clip_004.wav
13.799598,7.152689,healthy,20221116T233500_4407951432584596_2.0_clip_011.wav
13.975821,6.263155,healthy,20221116T224500_4407951432584596_2.0_clip_009.wav
13.619725,8.861559,healthy,20221117T082500_4407951432584596_2.0_clip_009.wav
14.665215,6.9388146,healthy,20221117T035500_4407951432584596_2.0_clip_009.wav
14.745283,5.000025,healthy,20221116T194500_4407951432584596_2.0_clip_008.wav
15.052051,6.748561,healthy,20221117T005500_4407951432584596_2.0_clip_004.wav
14.516414,5.311198,healthy,20221117T060500_4407951432584596_2.0_clip_005.wav
15.091641,7.7437387,healthy,20221117T020500_4407951432584596_2.0_clip_003.wav
9.138137,8.832502,healthy,20221116T131500_4407951432584596_2.0_clip_012.wav
15.207042,7.747544,healthy,20221116T221500_4407951432584596_2.0_clip_011.wav
10.150175,9.193388,healthy,20221116T143500_4407951432584596_2.0_clip_011.wav
15.282854,6.6537056,healthy,20221117T070500_4407951432584596_2.0_clip_004.wav
10.659056,8.461612,healthy,20221116T181500_4407951432584596_2.0_clip_006.wav
9.633427,8.118877,healthy,20221116T134500_4407951432584596_2.0_clip_005.wav
10.136167,8.674612,healthy,20221116T121500_4407951432584596_2.0_clip_001.wav
13.11882,7.9016495,healthy,20221116T215500_4407951432584596_2.0_clip_010.wav
15.373639,7.183248,healthy,20221117T010500_4407951432584596_2.0_clip_001.wav
15.081746,9.127558,healthy,20221117T084500_4407951432584596_2.0_clip_009.wav
14.605577,7.3283963,healthy,20221116T213500_4407951432584596_2.0_clip_001.wav
15.847477,7.33904,healthy,20221117T003500_4407951432584596_2.0_clip_011.wav
9.790876,9.163026,healthy,20221117T114500_4407951432584596_2.0_clip_002.wav
15.120394,8.580651,healthy,20221117T075500_4407951432584596_2.0_clip_007.wav
15.161354,7.635147,healthy,20221116T223500_4407951432584596_2.0_clip_002.wav
11.012388,9.295564,healthy,20221116T183500_4407951432584596_2.0_clip_003.wav
15.819808,5.1735716,healthy,20221117T003500_4407951432584596_2.0_clip_010.wav
15.46874,6.50211,healthy,20221116T233500_4407951432584596_2.0_clip_003.wav
13.946792,7.0865283,healthy,20221116T183500_4407951432584596_2.0_clip_001.wav
14.411496,5.8451986,healthy,20221116T205500_4407951432584596_2.0_clip_005.wav
15.220949,7.7525754,healthy,20221116T222500_4407951432584596_2.0_clip_011.wav
12.943309,7.9338913,healthy,20221116T210500_4407951432584596_2.0_clip_001.wav
15.970201,8.874657,healthy,20221117T062500_4407951432584596_2.0_clip_011.wav
8.935007,8.905179,healthy,20221116T141500_4407951432584596_2.0_clip_007.wav
13.115696,8.940178,healthy,20221117T092500_4407951432584596_2.0_clip_005.wav
14.639392,5.6453314,healthy,20221117T004500_4407951432584596_2.0_clip_009.wav
9.678846,9.746604,healthy,20221116T130500_4407951432584596_2.0_clip_006.wav
14.73093,6.4804893,healthy,20221116T230500_4407951432584596_2.0_clip_011.wav
15.173413,8.82355,healthy,20221117T080500_4407951432584596_2.0_clip_003.wav
8.618625,9.24811,healthy,20221117T101500_4407951432584596_2.0_clip_009.wav
15.118901,8.076963,healthy,20221116T231500_4407951432584596_2.0_clip_007.wav
14.94018,8.772645,healthy,20221117T071500_4407951432584596_2.0_clip_007.wav
14.233754,8.8522005,healthy,20221117T091500_4407951432584596_2.0_clip_009.wav
15.150005,6.2063746,healthy,20221116T234500_4407951432584596_2.0_clip_012.wav
13.581391,7.399121,healthy,20221117T085500_4407951432584596_2.0_clip_009.wav
9.388463,10.40091,healthy,20221116T171500_4407951432584596_2.0_clip_012.wav
15.179794,6.5251484,healthy,20221117T035500_4407951432584596_2.0_clip_011.wav
13.805544,7.0748377,healthy,20221116T121500_4407951432584596_2.0_clip_010.wav
16.256973,8.216295,healthy,20221116T190500_4407951432584596_2.0_clip_009.wav
8.883224,10.250489,healthy,20221117T113500_4407951432584596_2.0_clip_012.wav
15.480224,8.117132,healthy,20221117T061500_4407951432584596_2.0_clip_002.wav
10.3180685,8.246393,healthy,20221116T152500_4407951432584596_2.0_clip_006.wav
15.219616,9.322342,healthy,20221117T073500_4407951432584596_2.0_clip_005.wav
14.254685,8.053894,healthy,20221116T220500_4407951432584596_2.0_clip_010.wav
15.271156,7.276338,healthy,20221116T232500_4407951432584596_2.0_clip_004.wav
14.754555,7.2692223,healthy,20221117T055500_4407951432584596_2.0_clip_007.wav
14.413563,8.686159,healthy,20221117T081500_4407951432584596_2.0_clip_012.wav
10.283566,9.537235,healthy,20221117T083500_4407951432584596_2.0_clip_004.wav
12.618468,6.850248,healthy,20221116T182500_4407951432584596_2.0_clip_007.wav
8.314769,9.633431,healthy,20221116T143500_4407951432584596_2.0_clip_012.wav
15.364085,6.865683,healthy,20221117T051500_4407951432584596_2.0_clip_008.wav
15.975513,6.42918,healthy,20221117T073500_4407951432584596_2.0_clip_008.wav
16.345913,7.6026993,healthy,20221117T040500_4407951432584596_2.0_clip_008.wav
14.932149,5.622365,healthy,20221116T215500_4407951432584596_2.0_clip_011.wav
14.277446,7.42883,healthy,20221116T213500_4407951432584596_2.0_clip_010.wav
15.293376,8.624531,healthy,20221117T073500_4407951432584596_2.0_clip_006.wav
12.930169,7.6952815,healthy,20221116T193500_4407951432584596_2.0_clip_010.wav
14.725856,6.3129,healthy,20221116T191500_4407951432584596_2.0_clip_005.wav
8.830026,10.001924,healthy,20221116T163500_4407951432584596_2.0_clip_004.wav
11.9576435,7.438419,healthy,20221117T083500_4407951432584596_2.0_clip_010.wav
10.212117,9.613445,healthy,20221117T093500_4407951432584596_2.0_clip_006.wav
14.184629,6.143017,healthy,20221116T184500_4407951432584596_2.0_clip_002.wav
14.5703125,8.221295,healthy,20221117T083500_4407951432584596_2.0_clip_003.wav
14.632147,7.2427087,healthy,20221116T213500_4407951432584596_2.0_clip_002.wav
15.829544,7.7820854,healthy,20221116T233500_4407951432584596_2.0_clip_005.wav
10.7301235,9.057357,healthy,20221116T173500_4407951432584596_2.0_clip_009.wav
15.348779,8.727513,healthy,20221117T052500_4407951432584596_2.0_clip_011.wav
16.643864,8.080066,healthy,20221117T014500_4407951432584596_2.0_clip_003.wav
15.345925,7.4040647,healthy,20221117T011500_4407951432584596_2.0_clip_005.wav
16.080843,8.33785,healthy,20221117T030500_4407951432584596_2.0_clip_009.wav
9.912488,9.1368475,healthy,20221116T162500_4407951432584596_2.0_clip_009.wav
13.582462,7.415102,healthy,20221117T094500_4407951432584596_2.0_clip_006.wav
9.500709,8.603078,healthy,20221117T101500_4407951432584596_2.0_clip_007.wav
9.770362,8.397659,healthy,20221117T113500_4407951432584596_2.0_clip_009.wav
15.555223,7.939141,healthy,20221116T235500_4407951432584596_2.0_clip_011.wav
15.58972,6.022943,healthy,20221117T013500_4407951432584596_2.0_clip_001.wav
13.764169,7.6976256,healthy,20221117T102500_4407951432584596_2.0_clip_010.wav
8.943074,8.070022,healthy,20221116T120500_4407951432584596_2.0_clip_004.wav
9.117929,7.4625125,healthy,20221116T122500_4407951432584596_2.0_clip_003.wav
15.264842,5.546052,healthy,20221116T221500_4407951432584596_2.0_clip_012.wav
13.374903,5.6993046,healthy,20221117T103500_4407951432584596_2.0_clip_003.wav
9.303378,9.845343,healthy,20221116T154500_4407951432584596_2.0_clip_003.wav
9.615978,8.135035,healthy,20221116T133500_4407951432584596_2.0_clip_011.wav
9.087134,9.048569,healthy,20221116T132500_4407951432584596_2.0_clip_008.wav
16.145397,7.6997313,healthy,20221117T043500_4407951432584596_2.0_clip_012.wav
14.167948,6.7913513,healthy,20221116T204500_4407951432584596_2.0_clip_005.wav
9.460706,8.966286,healthy,20221116T133500_4407951432584596_2.0_clip_008.wav
8.622731,9.718839,healthy,20221116T123500_4407951432584596_2.0_clip_005.wav
10.369748,9.077133,healthy,20221116T172500_4407951432584596_2.0_clip_004.wav
9.61726,10.228128,healthy,20221116T153500_4407951432584596_2.0_clip_011.wav
15.588013,8.568087,healthy,20221117T022500_4407951432584596_2.0_clip_004.wav
16.743082,8.340178,healthy,20221116T222500_4407951432584596_2.0_clip_008.wav
15.116471,5.992498,healthy,20221117T045500_4407951432584596_2.0_clip_005.wav
15.749193,5.475821,healthy,20221117T001500_4407951432584596_2.0_clip_002.wav
15.117744,8.93017,healthy,20221117T065500_4407951432584596_2.0_clip_007.wav
13.331813,6.089262,healthy,20221116T184500_4407951432584596_2.0_clip_004.wav
9.278768,9.27563,healthy,20221116T141500_4407951432584596_2.0_clip_004.wav
8.610745,9.892549,healthy,20221116T162500_4407951432584596_2.0_clip_006.wav
14.040123,7.191008,healthy,20221116T204500_4407951432584596_2.0_clip_010.wav
15.358517,7.685053,healthy,20221117T030500_4407951432584596_2.0_clip_008.wav
16.181896,8.487268,healthy,20221117T063500_4407951432584596_2.0_clip_007.wav
15.223871,8.332794,healthy,20221117T063500_4407951432584596_2.0_clip_012.wav
9.110039,9.100416,healthy,20221116T161500_4407951432584596_2.0_clip_007.wav
10.047906,9.911098,healthy,20221116T165500_4407951432584596_2.0_clip_005.wav
10.269269,9.520675,healthy,20221117T100500_4407951432584596_2.0_clip_004.wav
15.051681,7.9382257,healthy,20221116T224500_4407951432584596_2.0_clip_004.wav
15.950952,8.675441,healthy,20221117T041500_4407951432584596_2.0_clip_009.wav
15.069346,9.245961,healthy,20221117T065500_4407951432584596_2.0_clip_003.wav
10.077628,8.485209,healthy,20221117T102500_4407951432584596_2.0_clip_003.wav
9.161895,10.240652,healthy,20221116T165500_4407951432584596_2.0_clip_002.wav
16.852606,8.375886,healthy,20221117T014500_4407951432584596_2.0_clip_004.wav
16.868605,8.411498,healthy,20221116T210500_4407951432584596_2.0_clip_003.wav
15.92832,8.824686,healthy,20221117T061500_4407951432584596_2.0_clip_005.wav
16.180212,7.189176,healthy,20221117T031500_4407951432584596_2.0_clip_005.wav
13.675222,9.062907,healthy,20221117T094500_4407951432584596_2.0_clip_010.wav
13.147726,6.663058,healthy,20221116T182500_4407951432584596_2.0_clip_001.wav
15.427339,5.9378386,healthy,20221117T023500_4407951432584596_2.0_clip_001.wav
9.092566,8.255283,healthy,20221116T134500_4407951432584596_2.0_clip_010.wav
10.429932,9.174046,healthy,20221116T172500_4407951432584596_2.0_clip_001.wav
15.833877,7.3614907,healthy,20221117T032500_4407951432584596_2.0_clip_003.wav
14.632015,5.551107,healthy,20221117T004500_4407951432584596_2.0_clip_010.wav
9.282426,7.679394,healthy,20221116T122500_4407951432584596_2.0_clip_010.wav
13.392005,8.948593,healthy,20221117T093500_4407951432584596_2.0_clip_007.wav
15.318881,7.714373,healthy,20221117T021500_4407951432584596_2.0_clip_003.wav
14.909927,9.163086,healthy,20221117T065500_4407951432584596_2.0_clip_004.wav
8.596444,9.068457,healthy,20221116T134500_4407951432584596_2.0_clip_006.wav
14.386048,7.3032126,healthy,20221116T210500_4407951432584596_2.0_clip_010.wav
13.075659,6.4734793,healthy,20221116T190500_4407951432584596_2.0_clip_012.wav
15.082438,8.565377,healthy,20221117T004500_4407951432584596_2.0_clip_006.wav
9.50227,7.961294,healthy,20221117T120500_4407951432584596_2.0_clip_008.wav
15.099887,9.180693,healthy,20221117T085500_4407951432584596_2.0_clip_010.wav
13.470826,6.1553545,healthy,20221116T193500_4407951432584596_2.0_clip_004.wav
14.757439,5.7183137,healthy,20221116T225500_4407951432584596_2.0_clip_009.wav
9.998257,7.99131,healthy,20221116T153500_4407951432584596_2.0_clip_001.wav
9.10334,7.6063995,healthy,20221116T133500_4407951432584596_2.0_clip_004.wav
9.502976,9.064502,healthy,20221116T162500_4407951432584596_2.0_clip_003.wav
16.213196,6.199632,healthy,20221117T030500_4407951432584596_2.0_clip_011.wav
14.667834,7.982686,healthy,20221117T050500_4407951432584596_2.0_clip_012.wav
13.833701,6.2736416,healthy,20221117T063500_4407951432584596_2.0_clip_002.wav
15.380717,5.7084594,healthy,20221117T010500_4407951432584596_2.0_clip_002.wav
11.124739,9.225112,healthy,20221116T170500_4407951432584596_2.0_clip_006.wav
12.892971,6.8551154,healthy,20221116T191500_4407951432584596_2.0_clip_001.wav
15.572255,7.5379086,healthy,20221117T052500_4407951432584596_2.0_clip_010.wav
8.963452,8.957436,healthy,20221117T120500_4407951432584596_2.0_clip_007.wav
15.552098,6.0187654,healthy,20221117T051500_4407951432584596_2.0_clip_001.wav
12.898904,7.070257,healthy,20221116T183500_4407951432584596_2.0_clip_006.wav
12.103214,7.955799,healthy,20221116T181500_4407951432584596_2.0_clip_011.wav
16.343468,6.798617,healthy,20221117T033500_4407951432584596_2.0_clip_010.wav
15.48263,7.873419,healthy,20221117T034500_4407951432584596_2.0_clip_008.wav
14.710726,7.9593616,healthy,20221116T230500_4407951432584596_2.0_clip_005.wav
14.51118,5.504896,healthy,20221116T215500_4407951432584596_2.0_clip_002.wav
8.945438,9.671022,healthy,20221117T111500_4407951432584596_2.0_clip_005.wav
15.024347,7.3806376,healthy,20221116T233500_4407951432584596_2.0_clip_010.wav
15.730753,8.025475,healthy,20221117T003500_4407951432584596_2.0_clip_006.wav
15.403719,8.171778,healthy,20221117T001500_4407951432584596_2.0_clip_008.wav
16.072779,6.299748,healthy,20221117T011500_4407951432584596_2.0_clip_003.wav
13.942088,7.196763,healthy,20221116T211500_4407951432584596_2.0_clip_002.wav
14.783932,8.155441,healthy,20221117T043500_4407951432584596_2.0_clip_003.wav
16.318075,6.301057,healthy,20221117T043500_4407951432584596_2.0_clip_001.wav
15.725356,6.911605,healthy,20221117T084500_4407951432584596_2.0_clip_001.wav
14.42289,6.8865614,healthy,20221116T220500_4407951432584596_2.0_clip_002.wav
14.927434,6.24045,healthy,20221117T013500_4407951432584596_2.0_clip_008.wav
15.797048,6.2107368,healthy,20221117T015500_4407951432584596_2.0_clip_011.wav
13.434827,6.5352354,healthy,20221116T183500_4407951432584596_2.0_clip_005.wav
14.19778,6.2467165,healthy,20221116T221500_4407951432584596_2.0_clip_001.wav
9.120306,8.471094,healthy,20221116T123500_4407951432584596_2.0_clip_007.wav
13.768587,8.402843,healthy,20221116T195500_4407951432584596_2.0_clip_010.wav
9.656858,9.100147,healthy,20221117T103500_4407951432584596_2.0_clip_005.wav
12.606581,8.189697,healthy,20221116T182500_4407951432584596_2.0_clip_005.wav
14.016426,7.5959983,healthy,20221116T231500_4407951432584596_2.0_clip_005.wav
11.227033,9.1844015,healthy,20221116T182500_4407951432584596_2.0_clip_004.wav
10.160623,8.246267,healthy,20221117T113500_4407951432584596_2.0_clip_004.wav
8.461965,9.501133,healthy,20221116T133500_4407951432584596_2.0_clip_001.wav
14.363068,7.0135736,healthy,20221117T052500_4407951432584596_2.0_clip_012.wav
13.687154,9.204771,healthy,20221117T085500_4407951432584596_2.0_clip_011.wav
13.918268,6.2432885,healthy,20221116T222500_4407951432584596_2.0_clip_009.wav
13.067791,6.6561866,healthy,20221116T200500_4407951432584596_2.0_clip_006.wav
16.652498,8.090183,healthy,20221117T031500_4407951432584596_2.0_clip_007.wav
8.850914,8.384218,healthy,20221116T145500_4407951432584596_2.0_clip_009.wav
14.582142,7.385332,healthy,20221116T214500_4407951432584596_2.0_clip_009.wav
16.44698,6.7058167,healthy,20221117T024500_4407951432584596_2.0_clip_003.wav
16.257767,6.9894443,healthy,20221117T051500_4407951432584596_2.0_clip_012.wav
16.807144,8.29753,healthy,20221117T000500_4407951432584596_2.0_clip_012.wav
9.700998,10.256279,healthy,20221117T112500_4407951432584596_2.0_clip_006.wav
9.223314,8.713028,healthy,20221116T145500_4407951432584596_2.0_clip_003.wav
14.851166,6.980123,healthy,20221117T053500_4407951432584596_2.0_clip_004.wav
14.33393,7.5158486,healthy,20221116T222500_4407951432584596_2.0_clip_007.wav
15.625932,6.5894833,healthy,20221116T230500_4407951432584596_2.0_clip_012.wav
9.031459,9.735782,healthy,20221116T150500_4407951432584596_2.0_clip_012.wav
9.172433,9.513989,healthy,20221117T111500_4407951432584596_2.0_clip_001.wav
14.320097,8.112925,healthy,20221116T215500_4407951432584596_2.0_clip_001.wav
13.353413,7.0876207,healthy,20221116T190500_4407951432584596_2.0_clip_011.wav
9.142271,10.092249,healthy,20221116T133500_4407951432584596_2.0_clip_006.wav
16.472275,8.091065,healthy,20221117T022500_4407951432584596_2.0_clip_002.wav
9.171288,9.187604,healthy,20221116T123500_4407951432584596_2.0_clip_012.wav
14.79301,5.9963655,healthy,20221117T081500_4407951432584596_2.0_clip_008.wav
16.414127,7.652433,healthy,20221117T011500_4407951432584596_2.0_clip_008.wav
16.134752,7.6515975,healthy,20221117T035500_4407951432584596_2.0_clip_008.wav
15.92732,5.304058,healthy,20221117T041500_4407951432584596_2.0_clip_008.wav
9.1905155,8.170979,healthy,20221116T153500_4407951432584596_2.0_clip_007.wav
14.474328,7.2066407,healthy,20221116T225500_4407951432584596_2.0_clip_010.wav
8.893052,9.737485,healthy,20221116T144500_4407951432584596_2.0_clip_001.wav
14.544502,8.106627,healthy,20221117T010500_4407951432584596_2.0_clip_012.wav
9.076025,7.325176,healthy,20221116T131500_4407951432584596_2.0_clip_006.wav
8.6703005,9.257064,healthy,20221116T130500_4407951432584596_2.0_clip_007.wav
9.3181925,8.838899,healthy,20221116T143500_4407951432584596_2.0_clip_003.wav
14.326747,6.584171,healthy,20221117T014500_4407951432584596_2.0_clip_010.wav
9.202074,8.9935255,healthy,20221116T124500_4407951432584596_2.0_clip_002.wav
14.669174,5.007173,healthy,20221116T203500_4407951432584596_2.0_clip_009.wav
15.986988,6.1061773,healthy,20221117T023500_4407951432584596_2.0_clip_003.wav
9.7946205,8.522637,healthy,20221117T113500_4407951432584596_2.0_clip_001.wav
15.112258,7.4086695,healthy,20221117T055500_4407951432584596_2.0_clip_001.wav
13.56878,7.834213,healthy,20221116T191500_4407951432584596_2.0_clip_008.wav
14.537118,5.1112037,healthy,20221117T003500_4407951432584596_2.0_clip_004.wav
9.436128,9.517508,healthy,20221116T120500_4407951432584596_2.0_clip_007.wav
14.673781,6.3366594,healthy,20221117T081500_4407951432584596_2.0_clip_011.wav
15.582629,5.155088,healthy,20221117T015500_4407951432584596_2.0_clip_008.wav
9.697359,8.828726,healthy,20221116T163500_4407951432584596_2.0_clip_008.wav
9.105145,7.8433146,healthy,20221116T144500_4407951432584596_2.0_clip_011.wav
15.70238,8.738422,healthy,20221117T061500_4407951432584596_2.0_clip_004.wav
9.047084,7.519835,healthy,20221116T163500_4407951432584596_2.0_clip_001.wav
13.623365,7.848076,healthy,20221117T081500_4407951432584596_2.0_clip_007.wav
14.291557,5.513044,healthy,20221116T215500_4407951432584596_2.0_clip_003.wav
-4.331436,8.971037,degraded,Fished_maerl_bed_clip_064.wav
-3.8013687,-0.7107013,degraded,degraded_clip_009.wav
-3.0942416,-1.8065048,degraded,degraded_clip_002.wav
-4.5568137,8.954411,degraded,Fished_maerl_bed_clip_067.wav
-4.5973806,5.080904,degraded,degraded_clip_110.wav
-4.5218472,8.688104,degraded,Fished_maerl_bed_clip_051.wav
-5.247107,9.17753,degraded,degraded_clip_042.wav
-5.111871,9.0979,degraded,Fished_maerl_bed_clip_055.wav
-4.2506523,9.164444,degraded,degraded_clip_082.wav
-4.270198,8.870869,degraded,degraded_clip_084.wav
-3.8309035,-0.6439703,degraded,degraded_clip_008.wav
-4.823321,9.111596,degraded,Fished_maerl_bed_clip_056.wav
-4.7154026,5.731745,degraded,Fished_maerl_bed_clip_095.wav
-4.595023,5.6505632,degraded,Fished_maerl_bed_clip_017.wav
-4.236089,9.1014185,degraded,degraded_clip_079.wav
-4.5512514,5.1780033,degraded,degraded_clip_104.wav
-4.4581223,5.536177,degraded,Fished_maerl_bed_clip_086.wav
-4.482384,8.549632,degraded,Fished_maerl_bed_clip_106.wav
-4.307207,9.160536,degraded,Fished_maerl_bed_clip_049.wav
-5.249831,9.181037,degraded,Fished_maerl_bed_clip_043.wav
-4.6174216,5.64704,degraded,Fished_maerl_bed_clip_020.wav
-3.081362,-1.8147365,degraded,degraded_clip_005.wav
-4.9730954,5.486098,degraded,degraded_clip_105.wav
-4.649047,5.094848,degraded,Fished_maerl_bed_clip_110.wav
-4.4220304,8.93109,degraded,degraded_clip_064.wav
-4.9391513,5.462915,degraded,degraded_clip_023.wav
-4.5342755,5.572574,degraded,degraded_clip_028.wav
-4.935234,5.4400463,degraded,Fished_maerl_bed_clip_024.wav
-4.2655034,9.043144,degraded,Fished_maerl_bed_clip_083.wav
-5.2410936,9.171097,degraded,degraded_clip_040.wav
-2.9760377,-1.8646171,degraded,Fished_maerl_bed_clip_006.wav
-4.4366126,8.508635,degraded,Fished_maerl_bed_clip_090.wav
-4.7909775,6.184225,degraded,degraded_clip_094.wav
-4.8534894,5.7380404,degraded,Fished_maerl_bed_clip_018.wav
-4.212637,8.850098,degraded,degraded_clip_099.wav
-4.2466636,8.885448,degraded,Fished_maerl_bed_clip_084.wav
-4.795562,6.1532855,degraded,degraded_clip_033.wav
-4.239263,9.108991,degraded,Fished_maerl_bed_clip_079.wav
-4.272577,9.053127,degraded,degraded_clip_052.wav
-4.5748663,8.660328,degraded,Fished_maerl_bed_clip_070.wav
-4.4629745,8.473598,degraded,Fished_maerl_bed_clip_076.wav
-4.416698,8.554158,degraded,Fished_maerl_bed_clip_087.wav
-4.7935686,5.1458874,degraded,Fished_maerl_bed_clip_114.wav
-3.931611,-0.60432935,degraded,degraded_clip_011.wav
-5.2292843,9.171073,degraded,degraded_clip_044.wav
-4.466789,5.4293866,degraded,Fished_maerl_bed_clip_034.wav
-4.846075,5.3417587,degraded,Fished_maerl_bed_clip_093.wav
-4.626586,5.109776,degraded,degraded_clip_097.wav
-4.510622,5.623256,degraded,degraded_clip_026.wav
-4.533074,5.7096643,degraded,Fished_maerl_bed_clip_019.wav
-4.8076,8.999711,degraded,Fished_maerl_bed_clip_045.wav
-4.435647,8.576896,degraded,degraded_clip_106.wav
-5.219019,9.146841,degraded,degraded_clip_039.wav
-3.9814942,-0.5131679,degraded,Fished_maerl_bed_clip_010.wav
-4.7447443,5.0916376,degraded,degraded_clip_114.wav
-4.6911626,6.003522,degraded,Fished_maerl_bed_clip_112.wav
-4.305301,8.707657,degraded,Fished_maerl_bed_clip_100.wav
-4.666598,5.6477904,degraded,degraded_clip_020.wav
-3.059546,-1.8537526,degraded,degraded_clip_003.wav
-4.5450706,5.5427103,degraded,degraded_clip_101.wav
-4.919768,5.8210855,degraded,Fished_maerl_bed_clip_022.wav
-4.2510195,8.936911,degraded,degraded_clip_068.wav
-3.126684,-1.7649003,degraded,degraded_clip_001.wav
-4.4380584,5.5214205,degraded,Fished_maerl_bed_clip_065.wav
-4.6279263,5.54586,degraded,Fished_maerl_bed_clip_101.wav
-4.4540997,8.501578,degraded,degraded_clip_090.wav
-4.5352683,8.802625,degraded,Fished_maerl_bed_clip_075.wav
-3.0987477,-1.801883,degraded,Fished_maerl_bed_clip_005.wav
-3.1094224,-1.7843136,degraded,Fished_maerl_bed_clip_001.wav
-3.040389,-1.8716704,degraded,Fished_maerl_bed_clip_003.wav
-4.6136465,8.697723,degraded,Fished_maerl_bed_clip_054.wav
-4.8151717,6.192632,degraded,Fished_maerl_bed_clip_094.wav
-4.7664046,5.495167,degraded,degraded_clip_031.wav
-3.77157,-0.76850444,degraded,Fished_maerl_bed_clip_009.wav
-4.570877,9.027104,degraded,Fished_maerl_bed_clip_059.wav
-4.816249,5.360763,degraded,degraded_clip_092.wav
-4.3968883,5.470885,degraded,degraded_clip_065.wav
-4.564649,5.1592774,degraded,degraded_clip_077.wav
-4.2576184,9.127201,degraded,degraded_clip_072.wav
-3.9766777,-0.6042015,degraded,Fished_maerl_bed_clip_012.wav
-4.4886794,5.7864313,degraded,Fished_maerl_bed_clip_113.wav
-5.2600107,9.190163,degraded,Fished_maerl_bed_clip_041.wav
-5.1067276,9.098118,degraded,degraded_clip_055.wav
-4.8568482,9.005483,degraded,Fished_maerl_bed_clip_053.wav
-4.290648,8.575061,degraded,degraded_clip_088.wav
-4.2841735,9.104815,degraded,Fished_maerl_bed_clip_082.wav
-4.8951445,8.951402,degraded,degraded_clip_053.wav
-3.0932875,-1.8356255,degraded,degraded_clip_004.wav
-4.73331,6.0638433,degraded,Fished_maerl_bed_clip_103.wav
-4.2155185,8.868874,degraded,Fished_maerl_bed_clip_108.wav
-4.954113,5.4383793,degraded,degraded_clip_024.wav
-4.7745404,5.1863112,degraded,degraded_clip_063.wav
-3.8127334,-0.6767539,degraded,Fished_maerl_bed_clip_008.wav
-4.82436,5.290862,degraded,degraded_clip_093.wav
-3.961887,-0.6216534,degraded,degraded_clip_014.wav
-4.6904097,5.751181,degraded,degraded_clip_095.wav
-4.4443073,5.307018,degraded,Fished_maerl_bed_clip_078.wav
-4.6209145,5.1153045,degraded,Fished_maerl_bed_clip_027.wav
-4.3331723,8.953122,degraded,Fished_maerl_bed_clip_068.wav
-4.9307933,5.427828,degraded,Fished_maerl_bed_clip_025.wav
-4.746765,5.471057,degraded,Fished_maerl_bed_clip_031.wav
-3.9702635,-0.6024401,degraded,degraded_clip_012.wav
-4.4721923,5.614634,degraded,Fished_maerl_bed_clip_111.wav
-4.451801,5.4226155,degraded,degraded_clip_034.wav
-4.23592,8.898117,degraded,degraded_clip_108.wav
-5.0563536,6.070131,degraded,degraded_clip_021.wav
-5.293099,9.206268,degraded,Fished_maerl_bed_clip_042.wav
-4.776554,6.127313,degraded,Fished_maerl_bed_clip_033.wav
-5.309978,9.227755,degraded,degraded_clip_041.wav
-4.530197,8.682963,degraded,degraded_clip_070.wav
-4.3338475,8.673372,degraded,Fished_maerl_bed_clip_109.wav
-4.788066,5.2360544,degraded,Fished_maerl_bed_clip_080.wav
-5.231009,9.149642,degraded,Fished_maerl_bed_clip_039.wav
-4.888718,9.06873,degraded,degraded_clip_047.wav
-4.230975,9.127759,degraded,degraded_clip_074.wav
-4.49327,8.467986,degraded,degraded_clip_060.wav
-4.4006176,5.4899673,degraded,degraded_clip_086.wav
-4.254336,8.893767,degraded,Fished_maerl_bed_clip_099.wav
-3.9759722,-0.6143861,degraded,Fished_maerl_bed_clip_013.wav
-4.7591977,6.098573,degraded,degraded_clip_103.wav
-4.6377945,8.440378,degraded,degraded_clip_046.wav
-4.534486,8.938859,degraded,degraded_clip_069.wav
-4.5160193,8.979048,degraded,Fished_maerl_bed_clip_062.wav
-4.7372117,5.9955,degraded,degraded_clip_089.wav
-5.047407,9.07641,degraded,degraded_clip_048.wav
-4.691697,8.818805,degraded,Fished_maerl_bed_clip_061.wav
-4.2867556,8.627349,degraded,Fished_maerl_bed_clip_088.wav
-4.867508,5.378288,degraded,Fished_maerl_bed_clip_098.wav
-4.324843,9.140811,degraded,degraded_clip_049.wav
-4.5698595,5.7269034,degraded,degraded_clip_019.wav
-4.7808366,9.162693,degraded,degraded_clip_056.wav
-4.517582,5.5331144,degraded,degraded_clip_081.wav
-4.678742,8.532159,degraded,degraded_clip_073.wav
-4.5111356,5.5873375,degraded,Fished_maerl_bed_clip_037.wav
-4.905086,5.240443,degraded,Fished_maerl_bed_clip_092.wav
-4.2594066,9.103322,degraded,degraded_clip_083.wav
-4.5599036,5.757789,degraded,Fished_maerl_bed_clip_038.wav
-4.630066,5.136368,degraded,degraded_clip_027.wav
-4.425816,8.809437,degraded,Fished_maerl_bed_clip_071.wav
-4.9852934,8.868748,degraded,Fished_maerl_bed_clip_058.wav
-4.968013,5.791736,degraded,Fished_maerl_bed_clip_030.wav
-5.231687,9.160842,degraded,degraded_clip_043.wav
-4.225397,9.143505,degraded,degraded_clip_085.wav
-4.5980964,5.1231833,degraded,Fished_maerl_bed_clip_036.wav
-3.9788582,-0.6108406,degraded,Fished_maerl_bed_clip_014.wav
-4.9131627,9.013593,degraded,degraded_clip_066.wav
-4.709968,8.517205,degraded,Fished_maerl_bed_clip_073.wav
-4.9600654,5.7204375,degraded,degraded_clip_015.wav
-4.9444203,5.7972264,degraded,Fished_maerl_bed_clip_016.wav
-4.928874,5.387419,degraded,Fished_maerl_bed_clip_032.wav
-4.2596765,9.113132,degraded,Fished_maerl_bed_clip_072.wav
-4.435065,5.3198123,degraded,degraded_clip_078.wav
-4.4792676,8.514451,degraded,Fished_maerl_bed_clip_091.wav
-4.501297,5.20048,degraded,Fished_maerl_bed_clip_104.wav
-5.2486143,9.164497,degraded,Fished_maerl_bed_clip_040.wav
-4.5246024,5.5510335,degraded,Fished_maerl_bed_clip_081.wav
-4.864207,5.360784,degraded,degraded_clip_098.wav
-4.926547,9.029944,degraded,Fished_maerl_bed_clip_066.wav
-4.9491644,5.4541,degraded,Fished_maerl_bed_clip_023.wav
-4.8571987,5.662783,degraded,degraded_clip_018.wav
-4.7430544,6.051521,degraded,degraded_clip_112.wav
-4.8966293,9.082623,degraded,Fished_maerl_bed_clip_047.wav
-4.9934974,5.735204,degraded,Fished_maerl_bed_clip_015.wav
-4.449152,8.551678,degraded,degraded_clip_076.wav
-4.9839253,5.768853,degraded,degraded_clip_030.wav
-4.5414143,5.6158886,degraded,degraded_clip_017.wav
-4.487194,5.65813,degraded,degraded_clip_111.wav
-4.278818,8.65897,degraded,degraded_clip_100.wav
-4.6247354,8.701014,degraded,degraded_clip_054.wav
-4.581173,8.9836645,degraded,degraded_clip_050.wav
-4.928553,5.78102,degraded,degraded_clip_022.wav
-4.51138,8.876541,degraded,Fished_maerl_bed_clip_069.wav
-4.221426,8.863129,degraded,degraded_clip_102.wav
-4.6659613,8.977645,degraded,degraded_clip_067.wav
-4.6753497,5.090749,degraded,degraded_clip_107.wav
-4.6050262,5.607928,degraded,Fished_maerl_bed_clip_028.wav
-2.9973834,-1.8757875,degraded,degraded_clip_007.wav
-5.0126266,9.041724,degraded,Fished_maerl_bed_clip_048.wav
-5.2573895,9.192337,degraded,Fished_maerl_bed_clip_044.wav
-3.9402857,-0.6114565,degraded,Fished_maerl_bed_clip_011.wav
-4.1679735,8.93044,degraded,Fished_maerl_bed_clip_096.wav
-4.573112,5.121795,degraded,Fished_maerl_bed_clip_097.wav
-4.6854024,5.0905004,degraded,Fished_maerl_bed_clip_107.wav
-4.691677,8.886527,degraded,degraded_clip_061.wav
-3.994853,-0.50657105,degraded,degraded_clip_010.wav
-4.987255,5.438566,degraded,degraded_clip_025.wav
-4.590604,5.5028358,degraded,degraded_clip_037.wav
-4.592593,5.1035476,degraded,Fished_maerl_bed_clip_077.wav
-4.841562,5.2911253,degraded,degraded_clip_080.wav
-3.0906603,-1.8162361,degraded,Fished_maerl_bed_clip_002.wav
-4.524424,5.5955405,degraded,Fished_maerl_bed_clip_026.wav
-4.549194,5.636647,degraded,Fished_maerl_bed_clip_029.wav
-4.6470637,8.42734,degraded,Fished_maerl_bed_clip_046.wav
-4.5118036,5.786231,degraded,degraded_clip_038.wav
-4.940042,8.973045,degraded,Fished_maerl_bed_clip_057.wav
-4.1883307,9.178838,degraded,Fished_maerl_bed_clip_074.wav
-4.431316,8.795644,degraded,degraded_clip_071.wav
-4.889054,5.2944508,degraded,Fished_maerl_bed_clip_035.wav
-4.7545485,5.1208105,degraded,Fished_maerl_bed_clip_063.wav
-4.9984455,8.873209,degraded,degraded_clip_058.wav
-4.9820085,5.332941,degraded,degraded_clip_032.wav
-4.4277306,8.589016,degraded,degraded_clip_087.wav
-2.999482,-1.8712212,degraded,Fished_maerl_bed_clip_007.wav
-4.9927607,5.436845,degraded,Fished_maerl_bed_clip_105.wav
-4.205123,9.042201,degraded,Fished_maerl_bed_clip_052.wav
-4.8126025,8.989202,degraded,degraded_clip_045.wav
-4.588752,8.860589,degraded,degraded_clip_075.wav
-5.099653,6.030494,degraded,Fished_maerl_bed_clip_021.wav
-4.8313556,5.3203936,degraded,degraded_clip_035.wav
-4.4921336,8.651553,degraded,degraded_clip_051.wav
-4.507615,8.456538,degraded,Fished_maerl_bed_clip_060.wav
-4.5032415,9.04796,degraded,degraded_clip_059.wav
-4.249558,8.825424,degraded,Fished_maerl_bed_clip_102.wav
-4.194442,8.919415,degraded,degraded_clip_096.wav
-4.4756527,5.6227064,degraded,degraded_clip_029.wav
-3.9702544,-0.60467905,degraded,degraded_clip_013.wav
-2.9824853,-1.8553396,degraded,degraded_clip_006.wav
-4.6417046,5.1171336,degraded,degraded_clip_036.wav
-4.4998174,8.388962,degraded,degraded_clip_091.wav
-4.444709,5.73808,degraded,degraded_clip_113.wav
-4.189044,9.172456,degraded,Fished_maerl_bed_clip_085.wav
-4.7463326,6.0611844,degraded,Fished_maerl_bed_clip_089.wav
-4.9482417,5.7923164,degraded,degraded_clip_016.wav
-4.5111384,8.9572115,degraded,degraded_clip_062.wav
-3.0883417,-1.8415939,degraded,Fished_maerl_bed_clip_004.wav
-4.5331736,9.000192,degraded,Fished_maerl_bed_clip_050.wav
-4.9359374,8.987044,degraded,degraded_clip_057.wav
-4.2865353,8.670605,degraded,degraded_clip_109.wav
-4.6959543,0.9125333,anthrophony,6__10_07_13_marDeCangas_Entra_clip_060.wav
-3.6090903,-0.23987852,anthrophony,anthrophony_clip_022.wav
-3.544788,-1.1283375,anthrophony,anthrophony_clip_066.wav
-3.477823,-1.109608,anthrophony,22__19_07_13_adventure_maniobra_clip_004.wav
-0.78518647,0.5921896,anthrophony,anthrophony_clip_001.wav
-3.421345,-5.1176686,anthrophony,82__27_09_13_H3_lluvia_clip_016.wav
-3.2876298,-5.4284434,anthrophony,anthrophony_clip_109.wav
-0.8770966,0.5019966,anthrophony,anthrophony_clip_004.wav
-3.3585021,-4.962919,anthrophony,anthrophony_clip_106.wav
-3.3356643,-5.3735285,anthrophony,82__27_09_13_H3_lluvia_clip_004.wav
-4.715762,0.8749733,anthrophony,anthrophony_clip_060.wav
-4.927267,0.38534912,anthrophony,6__10_07_13_marDeCangas_Entra_clip_028.wav
-3.4890249,-1.1226059,anthrophony,anthrophony_clip_069.wav
-4.51432,-0.09727633,anthrophony,6__10_07_13_marDeCangas_Entra_clip_029.wav
-3.7478757,-0.28935942,anthrophony,anthrophony_clip_025.wav
-1.9871238,-1.7732137,anthrophony,79__23_07_13_H3_zodiac_clip_005.wav
-1.9084767,-0.31903705,anthrophony,6__10_07_13_marDeCangas_Entra_clip_016.wav
-4.5518465,0.673818,anthrophony,anthrophony_clip_050.wav
-3.1662374,-5.486881,anthrophony,82__27_09_13_H3_lluvia_clip_024.wav
-2.0907514,-1.7769418,anthrophony,anthrophony_clip_088.wav
-0.8992927,0.4807401,anthrophony,anthrophony_clip_008.wav
-4.0247407,-0.25870466,anthrophony,anthrophony_clip_027.wav
-2.5280924,-0.5614756,anthrophony,anthrophony_clip_015.wav
-3.3627672,-5.297704,anthrophony,82__27_09_13_H3_lluvia_clip_007.wav
-3.4750173,-5.2004795,anthrophony,anthrophony_clip_104.wav
-3.2387614,-5.441736,anthrophony,anthrophony_clip_108.wav
-1.9370888,-0.40683827,anthrophony,anthrophony_clip_017.wav
-3.373723,-5.365843,anthrophony,82__27_09_13_H3_lluvia_clip_021.wav
-4.600873,0.8403068,anthrophony,anthrophony_clip_055.wav
-5.485412,0.51852244,anthrophony,6__10_07_13_marDeCangas_Entra_clip_044.wav
-3.539992,-1.1551011,anthrophony,anthrophony_clip_067.wav
-0.8491737,0.5287685,anthrophony,anthrophony_clip_007.wav
-2.6257625,-0.5609014,anthrophony,6__10_07_13_marDeCangas_Entra_clip_014.wav
-4.505466,-0.102823414,anthrophony,anthrophony_clip_029.wav
-4.7398567,0.46274814,anthrophony,anthrophony_clip_047.wav
-1.5965087,-2.120124,anthrophony,anthrophony_clip_080.wav
-1.3873403,-2.3598616,anthrophony,anthrophony_clip_085.wav
-4.772245,0.43871236,anthrophony,6__10_07_13_marDeCangas_Entra_clip_047.wav
-3.9258685,-0.28464127,anthrophony,anthrophony_clip_026.wav
-1.6567686,-2.0536952,anthrophony,79__23_07_13_H3_zodiac_clip_012.wav
-4.741729,0.5727488,anthrophony,anthrophony_clip_043.wav
-3.2733686,-4.959757,anthrophony,82__27_09_13_H3_lluvia_clip_008.wav
-4.7585564,0.49473202,anthrophony,anthrophony_clip_038.wav
-0.867491,0.51196975,anthrophony,6__10_07_13_marDeCangas_Entra_clip_003.wav
-4.171152,-0.14437309,anthrophony,anthrophony_clip_034.wav
-3.2028308,-5.4891353,anthrophony,82__27_09_13_H3_lluvia_clip_003.wav
-1.6254811,-2.091676,anthrophony,79__23_07_13_H3_zodiac_clip_010.wav
-5.462535,0.43831325,anthrophony,anthrophony_clip_048.wav
-4.6135216,0.8235805,anthrophony,anthrophony_clip_054.wav
-3.6913676,-0.26608056,anthrophony,6__10_07_13_marDeCangas_Entra_clip_023.wav
-3.4273868,-5.1756997,anthrophony,anthrophony_clip_105.wav
-1.386026,-2.3611932,anthrophony,79__23_07_13_H3_zodiac_clip_015.wav
-5.4963217,0.46131435,anthrophony,6__10_07_13_marDeCangas_Entra_clip_051.wav
-4.5311217,-0.06379937,anthrophony,anthrophony_clip_031.wav
-2.0492659,-1.7198777,anthrophony,anthrophony_clip_076.wav
-3.2192836,-5.4617944,anthrophony,82__27_09_13_H3_lluvia_clip_018.wav
-3.2958314,-5.217572,anthrophony,anthrophony_clip_095.wav
-0.8430486,0.5349308,anthrophony,6__10_07_13_marDeCangas_Entra_clip_007.wav
-4.5920453,0.7915319,anthrophony,6__10_07_13_marDeCangas_Entra_clip_054.wav
-5.1497674,0.41294104,anthrophony,6__10_07_13_marDeCangas_Entra_clip_033.wav
-0.7768706,0.6005248,anthrophony,6__10_07_13_marDeCangas_Entra_clip_002.wav
-3.2298918,-5.4642386,anthrophony,anthrophony_clip_107.wav
-1.3592517,-2.390465,anthrophony,anthrophony_clip_084.wav
-5.0713205,0.39481318,anthrophony,6__10_07_13_marDeCangas_Entra_clip_036.wav
-5.4921527,0.47934878,anthrophony,6__10_07_13_marDeCangas_Entra_clip_045.wav
-5.3825173,0.44974688,anthrophony,anthrophony_clip_046.wav
-3.384251,-5.328473,anthrophony,82__27_09_13_H3_lluvia_clip_005.wav
-3.3706245,-4.978899,anthrophony,anthrophony_clip_100.wav
-1.3921536,-2.3524618,anthrophony,anthrophony_clip_083.wav
-2.2133973,-1.681261,anthrophony,79__23_07_13_H3_zodiac_clip_003.wav
-1.6130167,-2.1017609,anthrophony,79__23_07_13_H3_zodiac_clip_011.wav
-3.2739925,-4.9608917,anthrophony,82__27_09_13_H3_lluvia_clip_012.wav
-3.5964193,-0.22489122,anthrophony,anthrophony_clip_019.wav
-3.5416527,-1.1226405,anthrophony,22__19_07_13_adventure_maniobra_clip_006.wav
-1.1505462,0.2607558,anthrophony,6__10_07_13_marDeCangas_Entra_clip_012.wav
-2.2145534,-1.723658,anthrophony,anthrophony_clip_073.wav
-3.3574557,-4.9220514,anthrophony,anthrophony_clip_102.wav
-4.6841736,0.8640017,anthrophony,anthrophony_clip_057.wav
-4.735532,0.88209146,anthrophony,6__10_07_13_marDeCangas_Entra_clip_058.wav
-3.3566349,-1.135065,anthrophony,22__19_07_13_adventure_maniobra_clip_001.wav
-1.3957055,-2.3508549,anthrophony,79__23_07_13_H3_zodiac_clip_013.wav
-0.9331509,0.44730568,anthrophony,anthrophony_clip_010.wav
-4.632526,0.33565786,anthrophony,6__10_07_13_marDeCangas_Entra_clip_039.wav
-1.0767744,0.31997168,anthrophony,anthrophony_clip_011.wav
-3.2925339,-5.006579,anthrophony,anthrophony_clip_090.wav
-4.553852,0.7601826,anthrophony,anthrophony_clip_052.wav
-4.6806235,0.8715787,anthrophony,6__10_07_13_marDeCangas_Entra_clip_057.wav
-4.593346,0.10324971,anthrophony,anthrophony_clip_032.wav
-1.7887957,-0.25487745,anthrophony,anthrophony_clip_018.wav
-4.5973415,0.8132109,anthrophony,anthrophony_clip_049.wav
-3.5439646,-1.145343,anthrophony,anthrophony_clip_068.wav
-2.151117,-1.5498294,anthrophony,anthrophony_clip_074.wav
-3.2938921,-5.2164335,anthrophony,82__27_09_13_H3_lluvia_clip_006.wav
-2.6317883,-0.5770684,anthrophony,anthrophony_clip_014.wav
-3.2952707,-1.177353,anthrophony,22__19_07_13_adventure_maniobra_clip_002.wav
-3.7120955,-0.23220304,anthrophony,anthrophony_clip_024.wav
-4.508138,-0.111996494,anthrophony,anthrophony_clip_030.wav
-5.0795794,0.37758046,anthrophony,anthrophony_clip_036.wav
-1.0110829,0.37490875,anthrophony,6__10_07_13_marDeCangas_Entra_clip_009.wav
-1.619482,-2.0953102,anthrophony,79__23_07_13_H3_zodiac_clip_009.wav
-3.4041955,-1.042928,anthrophony,22__19_07_13_adventure_maniobra_clip_005.wav
-1.4022257,-2.3446913,anthrophony,anthrophony_clip_087.wav
-3.3049705,-4.977288,anthrophony,82__27_09_13_H3_lluvia_clip_001.wav
-3.4279513,-1.040138,anthrophony,22__19_07_13_adventure_maniobra_clip_010.wav
-4.623421,0.84294534,anthrophony,6__10_07_13_marDeCangas_Entra_clip_055.wav
-4.51536,0.6747712,anthrophony,anthrophony_clip_041.wav
-4.510982,0.663625,anthrophony,6__10_07_13_marDeCangas_Entra_clip_050.wav
-1.9439647,-1.8229653,anthrophony,79__23_07_13_H3_zodiac_clip_007.wav
-5.452399,0.44008029,anthrophony,6__10_07_13_marDeCangas_Entra_clip_048.wav
-1.9049724,-0.31591275,anthrophony,anthrophony_clip_016.wav
-3.3850772,-5.323694,anthrophony,anthrophony_clip_103.wav
-3.4885454,-1.1049634,anthrophony,anthrophony_clip_064.wav
-0.9024335,0.4779516,anthrophony,6__10_07_13_marDeCangas_Entra_clip_008.wav
-1.7906176,-0.22847387,anthrophony,6__10_07_13_marDeCangas_Entra_clip_018.wav
-3.3506455,-5.330621,anthrophony,anthrophony_clip_094.wav
-3.2194047,-5.4077783,anthrophony,82__27_09_13_H3_lluvia_clip_023.wav
-1.4024861,-2.3465111,anthrophony,79__23_07_13_H3_zodiac_clip_014.wav
-3.69453,-0.2507929,anthrophony,6__10_07_13_marDeCangas_Entra_clip_024.wav
-3.4600973,-1.1416624,anthrophony,anthrophony_clip_063.wav
-3.539094,-1.1487029,anthrophony,22__19_07_13_adventure_maniobra_clip_008.wav
-3.8910382,-0.29175377,anthrophony,anthrophony_clip_020.wav
-4.8977227,0.39025384,anthrophony,6__10_07_13_marDeCangas_Entra_clip_035.wav
-4.541488,0.73750114,anthrophony,6__10_07_13_marDeCangas_Entra_clip_052.wav
-4.1393576,-0.13415375,anthrophony,6__10_07_13_marDeCangas_Entra_clip_034.wav
-3.3623168,-1.1185088,anthrophony,anthrophony_clip_061.wav
-1.129255,0.27990305,anthrophony,anthrophony_clip_012.wav
-3.1875398,-5.4781656,anthrophony,82__27_09_13_H3_lluvia_clip_019.wav
-3.276208,-4.9494925,anthrophony,anthrophony_clip_101.wav
-1.3759296,-2.3700597,anthrophony,79__23_07_13_H3_zodiac_clip_016.wav
-3.383517,-5.367988,anthrophony,82__27_09_13_H3_lluvia_clip_002.wav
-0.84458095,0.53276277,anthrophony,anthrophony_clip_005.wav
-3.880911,-0.30973446,anthrophony,6__10_07_13_marDeCangas_Entra_clip_020.wav
-3.5898578,-0.26772568,anthrophony,anthrophony_clip_021.wav
-2.2425354,-1.5180804,anthrophony,79__23_07_13_H3_zodiac_clip_002.wav
-4.8693724,0.37916085,anthrophony,anthrophony_clip_035.wav
-3.5941424,-0.2465261,anthrophony,6__10_07_13_marDeCangas_Entra_clip_019.wav
-3.5881171,-0.257754,anthrophony,6__10_07_13_marDeCangas_Entra_clip_022.wav
-3.2786438,-1.1818283,anthrophony,anthrophony_clip_062.wav
-4.509158,-0.11403682,anthrophony,6__10_07_13_marDeCangas_Entra_clip_030.wav
-1.9217216,-0.39357328,anthrophony,6__10_07_13_marDeCangas_Entra_clip_017.wav
-5.4651213,0.5000918,anthrophony,anthrophony_clip_044.wav
-3.5439725,-1.1601644,anthrophony,22__19_07_13_adventure_maniobra_clip_007.wav
-2.2208512,-1.5180488,anthrophony,79__23_07_13_H3_zodiac_clip_001.wav
-1.0972852,0.30200335,anthrophony,6__10_07_13_marDeCangas_Entra_clip_011.wav
-4.68172,0.92168,anthrophony,anthrophony_clip_053.wav
-3.4947367,-5.217331,anthrophony,82__27_09_13_H3_lluvia_clip_015.wav
-3.3525937,-5.31608,anthrophony,anthrophony_clip_098.wav
-1.8718833,-1.8895361,anthrophony,79__23_07_13_H3_zodiac_clip_008.wav
-4.76191,0.4807969,anthrophony,6__10_07_13_marDeCangas_Entra_clip_042.wav
-1.9700116,-1.7961266,anthrophony,anthrophony_clip_077.wav
-3.6611805,-0.24135491,anthrophony,anthrophony_clip_023.wav
-1.6464815,-2.058122,anthrophony,anthrophony_clip_081.wav
-3.2255409,-5.444908,anthrophony,anthrophony_clip_112.wav
-2.2091677,-1.4881878,anthrophony,anthrophony_clip_089.wav
-0.8823752,0.49692357,anthrophony,anthrophony_clip_003.wav
-3.4666712,-5.184296,anthrophony,anthrophony_clip_099.wav
-3.5780423,-0.25329298,anthrophony,6__10_07_13_marDeCangas_Entra_clip_021.wav
-5.4699416,0.49605545,anthrophony,6__10_07_13_marDeCangas_Entra_clip_059.wav
-0.7865266,0.5907828,anthrophony,6__10_07_13_marDeCangas_Entra_clip_001.wav
-4.6106176,0.30024937,anthrophony,anthrophony_clip_039.wav
-3.2847807,-5.4034867,anthrophony,anthrophony_clip_092.wav
-3.3576217,-5.3830295,anthrophony,anthrophony_clip_110.wav
-5.144992,0.39658454,anthrophony,anthrophony_clip_033.wav
-1.6276232,-2.0882614,anthrophony,anthrophony_clip_079.wav
-3.4258163,-5.2243733,anthrophony,anthrophony_clip_096.wav
-5.528992,0.43277717,anthrophony,anthrophony_clip_051.wav
-4.558283,0.7658794,anthrophony,6__10_07_13_marDeCangas_Entra_clip_049.wav
-3.204037,-5.461859,anthrophony,anthrophony_clip_113.wav
-3.4376967,-1.0834308,anthrophony,anthrophony_clip_065.wav
-3.342539,-4.906029,anthrophony,82__27_09_13_H3_lluvia_clip_017.wav
-1.3680769,-2.379971,anthrophony,anthrophony_clip_086.wav
-4.030877,-0.26543617,anthrophony,6__10_07_13_marDeCangas_Entra_clip_027.wav
-1.8645935,-1.8930144,anthrophony,anthrophony_clip_078.wav
-3.3895075,-5.2785788,anthrophony,82__27_09_13_H3_lluvia_clip_022.wav
-2.2452493,-1.470312,anthrophony,anthrophony_clip_071.wav
-4.763178,0.4904,anthrophony,anthrophony_clip_042.wav
-3.374012,-5.3397965,anthrophony,82__27_09_13_H3_lluvia_clip_014.wav
-0.83212715,0.5454187,anthrophony,6__10_07_13_marDeCangas_Entra_clip_005.wav
-4.7162943,0.57156765,anthrophony,6__10_07_13_marDeCangas_Entra_clip_043.wav
-0.9943699,0.3906173,anthrophony,anthrophony_clip_009.wav
-0.77297974,0.60378194,anthrophony,anthrophony_clip_002.wav
-3.4986687,-1.1152875,anthrophony,22__19_07_13_adventure_maniobra_clip_009.wav
-0.85436153,0.5234754,anthrophony,6__10_07_13_marDeCangas_Entra_clip_006.wav
-3.4653592,-5.194633,anthrophony,82__27_09_13_H3_lluvia_clip_010.wav
-3.3723607,-4.8950624,anthrophony,82__27_09_13_H3_lluvia_clip_013.wav
-2.0938299,-1.7774011,anthrophony,79__23_07_13_H3_zodiac_clip_018.wav
-3.7112372,-0.25548849,anthrophony,6__10_07_13_marDeCangas_Entra_clip_025.wav
-0.9372136,0.44295287,anthrophony,6__10_07_13_marDeCangas_Entra_clip_010.wav
-4.505671,0.7881085,anthrophony,6__10_07_13_marDeCangas_Entra_clip_056.wav
-2.218351,-1.4863647,anthrophony,79__23_07_13_H3_zodiac_clip_019.wav
-5.4937587,0.43952027,anthrophony,6__10_07_13_marDeCangas_Entra_clip_040.wav
-1.9809719,-1.7828436,anthrophony,anthrophony_clip_075.wav
-1.989184,-0.3407214,anthrophony,6__10_07_13_marDeCangas_Entra_clip_013.wav
-4.939105,0.38419127,anthrophony,anthrophony_clip_028.wav
-3.3444407,-5.405323,anthrophony,anthrophony_clip_091.wav
-2.5350256,-0.56436133,anthrophony,6__10_07_13_marDeCangas_Entra_clip_015.wav
-5.398466,0.44575724,anthrophony,6__10_07_13_marDeCangas_Entra_clip_046.wav
-3.4424958,-1.0657936,anthrophony,anthrophony_clip_070.wav
-4.5300503,-0.056500122,anthrophony,6__10_07_13_marDeCangas_Entra_clip_031.wav
-5.272004,0.4095572,anthrophony,6__10_07_13_marDeCangas_Entra_clip_037.wav
-3.3845975,-4.962429,anthrophony,82__27_09_13_H3_lluvia_clip_011.wav
-3.347644,-5.3387713,anthrophony,anthrophony_clip_111.wav
-2.020142,-1.7543563,anthrophony,79__23_07_13_H3_zodiac_clip_006.wav
-1.6092209,-2.1050239,anthrophony,anthrophony_clip_082.wav
-0.85855806,0.5203445,anthrophony,6__10_07_13_marDeCangas_Entra_clip_004.wav
-2.2275846,-1.5019766,anthrophony,anthrophony_clip_072.wav
-4.580024,0.08288298,anthrophony,6__10_07_13_marDeCangas_Entra_clip_032.wav
-1.999604,-0.3451995,anthrophony,anthrophony_clip_013.wav
-5.5102334,0.44212794,anthrophony,anthrophony_clip_040.wav
-3.4829035,-1.1154938,anthrophony,22__19_07_13_adventure_maniobra_clip_003.wav
-3.340027,-5.3691807,anthrophony,82__27_09_13_H3_lluvia_clip_009.wav
-4.703284,0.8621578,anthrophony,anthrophony_clip_058.wav
-5.475902,0.49384457,anthrophony,anthrophony_clip_059.wav
-1.3796452,-2.370089,anthrophony,79__23_07_13_H3_zodiac_clip_017.wav
-3.3510342,-5.4077764,anthrophony,anthrophony_clip_093.wav
-4.743559,0.9222948,anthrophony,6__10_07_13_marDeCangas_Entra_clip_053.wav
-3.2756643,-4.9541435,anthrophony,anthrophony_clip_097.wav
-2.1681774,-1.5664922,anthrophony,79__23_07_13_H3_zodiac_clip_004.wav
-4.783251,0.42652595,anthrophony,6__10_07_13_marDeCangas_Entra_clip_038.wav
-5.467051,0.51799035,anthrophony,anthrophony_clip_045.wav
-3.3292272,-5.374854,anthrophony,82__27_09_13_H3_lluvia_clip_020.wav
-3.9069028,-0.2880924,anthrophony,6__10_07_13_marDeCangas_Entra_clip_026.wav
-0.8508346,0.52616566,anthrophony,anthrophony_clip_006.wav
-4.552182,0.8122584,anthrophony,anthrophony_clip_056.wav
-5.299705,0.43256333,anthrophony,anthrophony_clip_037.wav
-4.5039563,0.6729517,anthrophony,6__10_07_13_marDeCangas_Entra_clip_041.wav
